CodFazenda;Ano;Produção/vacas em lactação (litros/animal/dia);Clusters
1541E88E-A6AE-4E49-8EE0-A70601483A03;2021;12.23;0
1541E88E-A6AE-4E49-8EE0-A70601483A03;2022;14.103333333333332;0
22325130-AB7E-4E57-9F90-31A69DA96FE2;2021;12.487142857142857;0
22325130-AB7E-4E57-9F90-31A69DA96FE2;2022;12.380833333333333;0
ABECF306-263F-4E0C-A89C-AABD00B00250;2019;15.1775;4
ABECF306-263F-4E0C-A89C-AABD00B00250;2020;14.109166666666667;0
ABECF306-263F-4E0C-A89C-AABD00B00250;2021;14.5025;0
ABECF306-263F-4E0C-A89C-AABD00B00250;2022;11.664166666666665;0
18141DF1-DC2F-48C3-A4BD-A25500B279E8;2019;17.909999999999997;3
18141DF1-DC2F-48C3-A4BD-A25500B279E8;2020;17.393333333333334;4
18141DF1-DC2F-48C3-A4BD-A25500B279E8;2021;17.060833333333335;4
18141DF1-DC2F-48C3-A4BD-A25500B279E8;2022;15.358333333333334;4
18141DF1-DC2F-48C3-A4BD-A25500B279E8;2024;13.780000000000001;0
07A75329-125D-462A-8CFB-F9AB939C6390;2021;10.63111111111111;2
07A75329-125D-462A-8CFB-F9AB939C6390;2022;8.3425;2
3BCE659D-F9CA-4BF4-8361-A27E0121EE76;2019;19.487777777777776;3
3BCE659D-F9CA-4BF4-8361-A27E0121EE76;2020;22.08;1
3BCE659D-F9CA-4BF4-8361-A27E0121EE76;2021;20.989166666666666;1
3BCE659D-F9CA-4BF4-8361-A27E0121EE76;2022;17.974999999999998;3
65B9ABE0-A192-4EA6-9088-BEBEB3B6E9C3;2022;15.23181818181818;4
49881658-109E-4B1C-9AFB-A25500B24077;2019;14.824444444444444;4
49881658-109E-4B1C-9AFB-A25500B24077;2020;18.828333333333337;3
49881658-109E-4B1C-9AFB-A25500B24077;2021;18.162499999999998;3
49881658-109E-4B1C-9AFB-A25500B24077;2022;15.079999999999998;4
49881658-109E-4B1C-9AFB-A25500B24077;2024;20.58666666666667;3
44C00F7B-10C2-4986-8D95-A25500B23826;2020;17.621666666666666;3
44C00F7B-10C2-4986-8D95-A25500B23826;2021;17.3475;4
44C00F7B-10C2-4986-8D95-A25500B23826;2022;17.179166666666664;4
66D4A322-026D-4222-8CA6-694DCDBAD294;2022;18.177500000000002;3
66D4A322-026D-4222-8CA6-694DCDBAD294;2024;8.775;2
84026039-62FE-475B-A99F-60AE67B7627B;2022;14.388;0
9F18D39B-C4DF-4B07-B4DE-42432B5CEED9;2024;9.19;2
5BE8C334-72BC-4842-ABD3-BD5ACDE2736B;2022;7.794;2
03DD97EB-77DC-44C1-A1B7-E311D662BCDB;2020;9.22625;2
03DD97EB-77DC-44C1-A1B7-E311D662BCDB;2021;9.556666666666667;2
03DD97EB-77DC-44C1-A1B7-E311D662BCDB;2022;8.259166666666665;2
7C0E035D-C49C-4051-B118-AA0D00AC2E0E;2019;12.085555555555556;0
7C0E035D-C49C-4051-B118-AA0D00AC2E0E;2020;12.207500000000001;0
7C0E035D-C49C-4051-B118-AA0D00AC2E0E;2021;12.079166666666666;0
7C0E035D-C49C-4051-B118-AA0D00AC2E0E;2022;10.99;2
B661743D-A49A-4951-9718-7E6987815048;2024;11.446666666666667;2
FDE9882B-94B3-433C-9629-9086FDDD5F8E;2022;10.74;2
EE13B5B9-E8BA-440E-966E-66BE1FA3AE89;2021;21.53;1
EE13B5B9-E8BA-440E-966E-66BE1FA3AE89;2022;21.49083333333333;1
EE13B5B9-E8BA-440E-966E-66BE1FA3AE89;2024;18.45;3
8BD43893-3824-4937-BF3C-DFCC053ADB17;2022;20.98875;1
8BD43893-3824-4937-BF3C-DFCC053ADB17;2024;19.356666666666666;3
FB68350D-F000-4BAE-9CD0-B0E9B2DEE4D1;2022;15.98;4
C6218AA6-4EEB-4F74-95A1-A25500B2707E;2020;20.2075;3
C6218AA6-4EEB-4F74-95A1-A25500B2707E;2021;21.534166666666668;1
C6218AA6-4EEB-4F74-95A1-A25500B2707E;2022;21.689999999999998;1
F6C29FF3-8F56-41EA-A6C9-A9BA013D5CFC;2019;11.08111111111111;2
F6C29FF3-8F56-41EA-A6C9-A9BA013D5CFC;2020;10.045833333333334;2
F6C29FF3-8F56-41EA-A6C9-A9BA013D5CFC;2021;11.008333333333333;2
F6C29FF3-8F56-41EA-A6C9-A9BA013D5CFC;2022;12.165833333333332;0
F6C29FF3-8F56-41EA-A6C9-A9BA013D5CFC;2024;12.573333333333332;0
864AB093-1F4A-48C2-A75F-A92D010F94DF;2019;15.23777777777778;4
864AB093-1F4A-48C2-A75F-A92D010F94DF;2020;13.9325;0
864AB093-1F4A-48C2-A75F-A92D010F94DF;2021;11.4525;2
864AB093-1F4A-48C2-A75F-A92D010F94DF;2022;12.972500000000002;0
11027688-FC56-4000-A554-AAA00114C7D1;2019;11.028;2
11027688-FC56-4000-A554-AAA00114C7D1;2020;13.768333333333336;0
11027688-FC56-4000-A554-AAA00114C7D1;2021;16.079166666666666;4
11027688-FC56-4000-A554-AAA00114C7D1;2022;12.924999999999999;0
91BFA39B-9F0B-4477-90BC-CCE8EC06F979;2020;9.577142857142858;2
91BFA39B-9F0B-4477-90BC-CCE8EC06F979;2021;12.185833333333335;0
91BFA39B-9F0B-4477-90BC-CCE8EC06F979;2022;10.692499999999997;2
30EE95B8-1A57-4060-A29F-7132C4FF066D;2022;10.835;2
67109F1F-673D-4830-8D64-A84E0102EE4A;2019;12.24;0
67109F1F-673D-4830-8D64-A84E0102EE4A;2020;16.485833333333332;4
67109F1F-673D-4830-8D64-A84E0102EE4A;2021;12.729999999999999;0
67109F1F-673D-4830-8D64-A84E0102EE4A;2022;14.136666666666665;0
67109F1F-673D-4830-8D64-A84E0102EE4A;2024;13.94;0
A05147F4-D2A6-4240-9421-A25500B258D3;2019;19.866666666666667;3
A05147F4-D2A6-4240-9421-A25500B258D3;2020;16.28333333333333;4
A05147F4-D2A6-4240-9421-A25500B258D3;2021;18.538333333333338;3
A05147F4-D2A6-4240-9421-A25500B258D3;2022;17.422500000000003;4
A05147F4-D2A6-4240-9421-A25500B258D3;2024;19.516666666666666;3
8AA43AE4-801B-4F61-86D9-ED9D8829CA48;2022;17.956666666666667;3
8AC49D3B-42A9-44B2-BD50-FC7A21DE1C85;2022;13.389999999999999;0
C735CC9D-EB5E-4FB7-A7D2-75611FCA2F20;2021;16.554444444444446;4
C735CC9D-EB5E-4FB7-A7D2-75611FCA2F20;2022;20.39166666666667;3
C735CC9D-EB5E-4FB7-A7D2-75611FCA2F20;2024;15.21;4
52AA5A05-4C67-453B-89C5-F176453D2F74;2020;13.607272727272727;0
52AA5A05-4C67-453B-89C5-F176453D2F74;2021;17.123333333333335;4
52AA5A05-4C67-453B-89C5-F176453D2F74;2022;10.961666666666668;2
2C0AB012-6134-4D56-A05E-EEE7A3637C60;2021;18.235555555555557;3
2C0AB012-6134-4D56-A05E-EEE7A3637C60;2022;10.826666666666668;2
C8A2D478-A0A8-435A-BC72-A9810114A1DF;2019;15.23222222222222;4
C8A2D478-A0A8-435A-BC72-A9810114A1DF;2020;16.755;4
C8A2D478-A0A8-435A-BC72-A9810114A1DF;2021;16.419999999999998;4
C8A2D478-A0A8-435A-BC72-A9810114A1DF;2022;18.27416666666667;3
A62520D0-FD10-430F-A702-A25500B1CA25;2019;18.462222222222223;3
A62520D0-FD10-430F-A702-A25500B1CA25;2020;18.750833333333336;3
A62520D0-FD10-430F-A702-A25500B1CA25;2021;16.9175;4
A62520D0-FD10-430F-A702-A25500B1CA25;2022;17.979166666666668;3
DC4F2A65-DDEE-45E0-ACA5-A25500B264CA;2019;18.864444444444445;3
DC4F2A65-DDEE-45E0-ACA5-A25500B264CA;2020;17.891666666666666;3
DC4F2A65-DDEE-45E0-ACA5-A25500B264CA;2021;23.114166666666666;1
DC4F2A65-DDEE-45E0-ACA5-A25500B264CA;2022;22.9325;1
4EC97D04-165C-4566-9080-922D8ED75EE4;2024;17.87;3
7B537A2F-DD37-46A7-9FF6-541A4B7EAECA;2021;18.035;3
7B537A2F-DD37-46A7-9FF6-541A4B7EAECA;2022;17.695000000000004;3
596191A0-2789-4C38-AC7A-665968329A08;2021;17.202222222222222;4
596191A0-2789-4C38-AC7A-665968329A08;2022;16.6975;4
ECFD5EB9-06CA-4D6A-A4EB-A5E500B98A91;2020;22.375833333333333;1
ECFD5EB9-06CA-4D6A-A4EB-A5E500B98A91;2021;17.638333333333332;3
ECFD5EB9-06CA-4D6A-A4EB-A5E500B98A91;2022;16.836666666666666;4
1EB12495-33E0-42E6-8544-1EEBF139BDEF;2024;10.906666666666666;2
822DB679-9F84-4792-A3BB-A88800AAAE47;2019;13.192222222222222;0
822DB679-9F84-4792-A3BB-A88800AAAE47;2020;14.639166666666668;0
822DB679-9F84-4792-A3BB-A88800AAAE47;2021;17.968333333333334;3
822DB679-9F84-4792-A3BB-A88800AAAE47;2022;17.950833333333335;3
822DB679-9F84-4792-A3BB-A88800AAAE47;2024;18.316666666666666;3
2812F0B2-3482-469B-B63A-A49E00200153;2019;15.033333333333335;4
2812F0B2-3482-469B-B63A-A49E00200153;2020;14.324166666666668;0
2812F0B2-3482-469B-B63A-A49E00200153;2021;14.223333333333334;0
2812F0B2-3482-469B-B63A-A49E00200153;2022;15.000000000000004;4
8751ABDD-93D5-4241-9D50-3E79984F4DEC;2020;17.330000000000002;4
8751ABDD-93D5-4241-9D50-3E79984F4DEC;2021;16.24833333333333;4
8751ABDD-93D5-4241-9D50-3E79984F4DEC;2022;15.770833333333334;4
2B91EE62-C639-43FE-BDAF-900BFC6703CD;2024;6.390000000000001;2
6EF5AB83-4C82-4AF7-B2CB-A25500B22B58;2022;12.339166666666669;0
5C58A889-E0A2-4BB5-882B-EC76DC5EA2CA;2020;17.044285714285717;4
5C58A889-E0A2-4BB5-882B-EC76DC5EA2CA;2021;14.704999999999998;0
5C58A889-E0A2-4BB5-882B-EC76DC5EA2CA;2022;15.389166666666666;4
80CCCD1D-1053-4248-948B-87D04F7056DD;2020;15.36;4
80CCCD1D-1053-4248-948B-87D04F7056DD;2021;18.595833333333328;3
80CCCD1D-1053-4248-948B-87D04F7056DD;2022;13.085833333333335;0
5FD7BA8B-71E7-4003-BC8D-A55201778942;2019;11.214444444444446;2
5FD7BA8B-71E7-4003-BC8D-A55201778942;2020;13.1475;0
5FD7BA8B-71E7-4003-BC8D-A55201778942;2021;12.85;0
5FD7BA8B-71E7-4003-BC8D-A55201778942;2022;11.166666666666666;2
E6F58B8E-30E4-4E91-8B4D-A4FA00012F53;2019;11.046666666666667;2
E6F58B8E-30E4-4E91-8B4D-A4FA00012F53;2020;11.045833333333334;2
E6F58B8E-30E4-4E91-8B4D-A4FA00012F53;2021;11.022499999999999;2
E6F58B8E-30E4-4E91-8B4D-A4FA00012F53;2022;10.163333333333332;2
5F75DA91-AA5E-480F-B689-C82DE870F825;2022;10.459999999999999;2
5F75DA91-AA5E-480F-B689-C82DE870F825;2024;17.30333333333333;4
8444C284-78D6-42A3-928A-A4F000F6ED44;2019;11.105555555555554;2
8444C284-78D6-42A3-928A-A4F000F6ED44;2020;13.758333333333333;0
8444C284-78D6-42A3-928A-A4F000F6ED44;2021;16.86666666666667;4
8444C284-78D6-42A3-928A-A4F000F6ED44;2022;21.743636363636366;1
2459E5DB-4374-4AAE-A09C-3B10D652FF05;2021;13.525;0
2459E5DB-4374-4AAE-A09C-3B10D652FF05;2022;13.392499999999998;0
2459E5DB-4374-4AAE-A09C-3B10D652FF05;2024;11.96;0
5C8BCB44-E308-4A1C-A8A3-54051DF638FF;2022;12.27;0
BCE5B506-EAD3-4B57-8F94-A25500B248AE;2019;12.207777777777778;0
BCE5B506-EAD3-4B57-8F94-A25500B248AE;2020;12.985000000000001;0
BCE5B506-EAD3-4B57-8F94-A25500B248AE;2021;10.585833333333333;2
BCE5B506-EAD3-4B57-8F94-A25500B248AE;2022;12.779166666666669;0
BCE5B506-EAD3-4B57-8F94-A25500B248AE;2024;13.363333333333332;0
3FFDE8B5-7D50-41EC-9F5A-A6A9011E4265;2019;14.005555555555553;0
3FFDE8B5-7D50-41EC-9F5A-A6A9011E4265;2020;12.276666666666666;0
3FFDE8B5-7D50-41EC-9F5A-A6A9011E4265;2021;12.708333333333334;0
3FFDE8B5-7D50-41EC-9F5A-A6A9011E4265;2022;12.808333333333335;0
3A765F50-FCBE-46C1-9F6E-A5210160C302;2019;19.641428571428573;3
3A765F50-FCBE-46C1-9F6E-A5210160C302;2022;10.5925;2
05D78B7A-D5DE-4B3F-AEB4-A49C00CB7F0C;2019;15.068888888888889;4
05D78B7A-D5DE-4B3F-AEB4-A49C00CB7F0C;2020;16.915;4
05D78B7A-D5DE-4B3F-AEB4-A49C00CB7F0C;2021;20.8175;1
05D78B7A-D5DE-4B3F-AEB4-A49C00CB7F0C;2022;21.485;1
271D2970-7FAA-4EF3-9F42-A25500B1E211;2019;20.428888888888892;3
271D2970-7FAA-4EF3-9F42-A25500B1E211;2020;18.037499999999998;3
271D2970-7FAA-4EF3-9F42-A25500B1E211;2021;20.891666666666662;1
271D2970-7FAA-4EF3-9F42-A25500B1E211;2022;22.079166666666666;1
271D2970-7FAA-4EF3-9F42-A25500B1E211;2024;18.37666666666667;3
1CD1822A-BAD7-4CE3-8F9A-B528B8B5113D;2022;16.924;4
3B0C4117-C577-4F14-995B-A25500B255A2;2019;18.623333333333335;3
3B0C4117-C577-4F14-995B-A25500B255A2;2020;17.561666666666667;3
3B0C4117-C577-4F14-995B-A25500B255A2;2021;16.71083333333333;4
3B0C4117-C577-4F14-995B-A25500B255A2;2022;18.124166666666664;3
05A76CA9-3930-441D-BA1F-6F617F5C1A56;2022;17.330999999999996;4
2A0D7341-225D-48B9-97EC-591DFC92A602;2024;6.91;2
0C724CA2-F080-4295-87F1-A31A016A095D;2022;15.066666666666663;4
BF1104CC-6028-42CF-9FF7-A25500B1EE9C;2019;14.634444444444442;0
BF1104CC-6028-42CF-9FF7-A25500B1EE9C;2020;17.404999999999998;4
BF1104CC-6028-42CF-9FF7-A25500B1EE9C;2021;15.935833333333335;4
BF1104CC-6028-42CF-9FF7-A25500B1EE9C;2022;16.649166666666666;4
5DD7B6AE-1DDD-4DDF-8E41-A25500B208A0;2019;17.81666666666667;3
5DD7B6AE-1DDD-4DDF-8E41-A25500B208A0;2020;18.415833333333335;3
5DD7B6AE-1DDD-4DDF-8E41-A25500B208A0;2021;20.330000000000002;3
5DD7B6AE-1DDD-4DDF-8E41-A25500B208A0;2022;20.537499999999998;3
5DD7B6AE-1DDD-4DDF-8E41-A25500B208A0;2024;17.266666666666666;4
D9C6CA83-763F-4488-A1A2-A25500B24948;2019;14.42;0
D9C6CA83-763F-4488-A1A2-A25500B24948;2020;12.5075;0
D9C6CA83-763F-4488-A1A2-A25500B24948;2021;17.116666666666667;4
D9C6CA83-763F-4488-A1A2-A25500B24948;2022;21.385;1
6E1CAE80-9270-4C3F-8F83-B15B56B1556E;2021;17.023333333333337;4
6E1CAE80-9270-4C3F-8F83-B15B56B1556E;2022;17.59;3
282CF731-86F4-4381-B1BB-EDEE9D8EC1D7;2021;20.226;3
282CF731-86F4-4381-B1BB-EDEE9D8EC1D7;2022;13.748333333333333;0
4D20D433-6024-4DB0-8CDD-8FC78C08A65C;2020;10.567777777777778;2
4D20D433-6024-4DB0-8CDD-8FC78C08A65C;2021;12.968333333333334;0
4D20D433-6024-4DB0-8CDD-8FC78C08A65C;2022;12.346666666666666;0
4D20D433-6024-4DB0-8CDD-8FC78C08A65C;2024;7.075;2
956D61EE-228C-4BA6-BFC7-42DA2ED11518;2024;13.98;0
2CB2D191-4769-4D5A-9A7D-A8DC0111BD35;2019;11.04888888888889;2
2CB2D191-4769-4D5A-9A7D-A8DC0111BD35;2020;7.835000000000001;2
2CB2D191-4769-4D5A-9A7D-A8DC0111BD35;2021;9.493333333333332;2
2CB2D191-4769-4D5A-9A7D-A8DC0111BD35;2022;10.52;2
9ADF3577-1C1E-47DF-A07E-AA3100DB0D92;2019;18.996666666666663;3
9ADF3577-1C1E-47DF-A07E-AA3100DB0D92;2020;22.764166666666668;1
9ADF3577-1C1E-47DF-A07E-AA3100DB0D92;2021;19.8225;3
9ADF3577-1C1E-47DF-A07E-AA3100DB0D92;2022;15.875833333333333;4
7142C2BA-B97F-4797-A250-53D289EA816C;2020;13.454000000000002;0
7142C2BA-B97F-4797-A250-53D289EA816C;2021;14.2825;0
7142C2BA-B97F-4797-A250-53D289EA816C;2022;13.063333333333333;0
2C8CBB43-7278-4A58-9BA9-A69800EFD4B5;2019;16.052222222222223;4
2C8CBB43-7278-4A58-9BA9-A69800EFD4B5;2020;15.250833333333333;4
2C8CBB43-7278-4A58-9BA9-A69800EFD4B5;2021;17.171666666666667;4
2C8CBB43-7278-4A58-9BA9-A69800EFD4B5;2022;18.601666666666663;3
2C8CBB43-7278-4A58-9BA9-A69800EFD4B5;2024;15.02;4
7E0FE7D0-BFB1-4828-8B65-A4CA00401780;2019;16.61;4
7E0FE7D0-BFB1-4828-8B65-A4CA00401780;2020;19.107499999999998;3
7E0FE7D0-BFB1-4828-8B65-A4CA00401780;2021;18.100833333333334;3
7E0FE7D0-BFB1-4828-8B65-A4CA00401780;2022;18.75916666666667;3
B6A96924-E4FC-4910-A0DF-863C455A9E2D;2021;12.7775;0
B6A96924-E4FC-4910-A0DF-863C455A9E2D;2022;15.814166666666667;4
8432218D-0C1F-4CBA-848D-7EF6FD16F421;2022;13.20875;0
8432218D-0C1F-4CBA-848D-7EF6FD16F421;2024;14.215;0
38BC8312-B35E-45D3-8E88-E486144164B6;2021;10.379999999999999;2
38BC8312-B35E-45D3-8E88-E486144164B6;2022;8.354999999999999;2
AFD94F40-D2E0-4CB0-8773-AA300155A91C;2019;19.85222222222222;3
AFD94F40-D2E0-4CB0-8773-AA300155A91C;2020;20.718333333333337;1
AFD94F40-D2E0-4CB0-8773-AA300155A91C;2021;22.4025;1
AFD94F40-D2E0-4CB0-8773-AA300155A91C;2022;22.901666666666667;1
9D35F9F8-B378-4FAA-A7DD-7260D361F306;2020;10.916666666666666;2
9D35F9F8-B378-4FAA-A7DD-7260D361F306;2021;10.774999999999999;2
9D35F9F8-B378-4FAA-A7DD-7260D361F306;2022;9.147499999999999;2
9D35F9F8-B378-4FAA-A7DD-7260D361F306;2024;9.97;2
BB8CF244-86AA-4191-A6D5-A8D600AA167F;2019;15.453333333333331;4
BB8CF244-86AA-4191-A6D5-A8D600AA167F;2020;15.652500000000002;4
BB8CF244-86AA-4191-A6D5-A8D600AA167F;2021;16.09;4
BB8CF244-86AA-4191-A6D5-A8D600AA167F;2022;15.445833333333333;4
BB8CF244-86AA-4191-A6D5-A8D600AA167F;2024;15.966666666666669;4
C8EB69FA-5CA2-4B5C-84E5-A89E00B823B2;2019;18.03666666666667;3
C8EB69FA-5CA2-4B5C-84E5-A89E00B823B2;2020;18.858333333333334;3
C8EB69FA-5CA2-4B5C-84E5-A89E00B823B2;2021;17.76666666666667;3
C8EB69FA-5CA2-4B5C-84E5-A89E00B823B2;2022;16.161666666666665;4
C8EB69FA-5CA2-4B5C-84E5-A89E00B823B2;2024;19.735;3
15CA611A-DCEE-4959-BBCB-7EE2921496E9;2021;13.248000000000001;0
15CA611A-DCEE-4959-BBCB-7EE2921496E9;2022;13.776666666666666;0
EBC2708C-A196-41F1-A186-F5167A24B2E8;2024;14.235;0
61FD5C27-7BB6-4C8A-869B-538E45CCE0F5;2022;17.36;4
3E0D1877-0969-410B-AFC1-754A08F4A717;2024;10.254999999999999;2
5C0E7259-3B7D-4012-9596-6608EF045850;2020;16.005000000000003;4
5C0E7259-3B7D-4012-9596-6608EF045850;2021;16.101666666666667;4
5C0E7259-3B7D-4012-9596-6608EF045850;2022;14.645833333333336;0
172F0EAC-D65A-4670-9555-AA300113A73A;2019;16.702222222222222;4
172F0EAC-D65A-4670-9555-AA300113A73A;2020;15.175000000000002;4
172F0EAC-D65A-4670-9555-AA300113A73A;2021;18.837500000000002;3
172F0EAC-D65A-4670-9555-AA300113A73A;2022;24.32666666666667;1
B0BFD4CC-6562-4300-845B-A83200E6ECE3;2019;13.023333333333333;0
B0BFD4CC-6562-4300-845B-A83200E6ECE3;2020;15.650833333333333;4
B0BFD4CC-6562-4300-845B-A83200E6ECE3;2021;9.965;2
B0BFD4CC-6562-4300-845B-A83200E6ECE3;2022;13.520833333333334;0
59985184-0BFA-4C00-8770-AA1B012DE124;2019;14.437777777777777;0
59985184-0BFA-4C00-8770-AA1B012DE124;2020;18.188333333333333;3
59985184-0BFA-4C00-8770-AA1B012DE124;2021;17.773333333333337;3
A2733FC5-E4CF-408B-A47A-A1C46A046981;2022;15.947999999999999;4
1794B893-4F8E-4B31-ADE2-A25500B231C0;2019;10.676666666666668;2
1794B893-4F8E-4B31-ADE2-A25500B231C0;2020;12.904166666666669;0
1794B893-4F8E-4B31-ADE2-A25500B231C0;2021;15.930833333333332;4
1794B893-4F8E-4B31-ADE2-A25500B231C0;2022;17.395;4
E1BAA02F-710C-40E4-8705-A4AA0026E78C;2019;16.372222222222224;4
E1BAA02F-710C-40E4-8705-A4AA0026E78C;2020;17.055833333333332;4
E1BAA02F-710C-40E4-8705-A4AA0026E78C;2021;17.116666666666664;4
E1BAA02F-710C-40E4-8705-A4AA0026E78C;2022;17.043333333333333;4
E6D151C7-D8EB-48AA-99A5-94C2E599A3AC;2022;10.751999999999999;2
4D7689D3-D5B2-4C4C-8123-40D13D0003FA;2022;14.930000000000001;4
4D7689D3-D5B2-4C4C-8123-40D13D0003FA;2024;15.700000000000001;4
273859AC-C4CD-4401-9424-B727D4B924A6;2020;18.985;3
273859AC-C4CD-4401-9424-B727D4B924A6;2021;16.103333333333328;4
273859AC-C4CD-4401-9424-B727D4B924A6;2022;9.045833333333334;2
485976D0-7CEE-4DB1-8519-A25500B1E73A;2019;25.305555555555557;1
485976D0-7CEE-4DB1-8519-A25500B1E73A;2020;24.923333333333332;1
485976D0-7CEE-4DB1-8519-A25500B1E73A;2021;24.108333333333334;1
485976D0-7CEE-4DB1-8519-A25500B1E73A;2022;20.99833333333333;1
485976D0-7CEE-4DB1-8519-A25500B1E73A;2024;19.03;3
F0F1BB5B-01DD-4061-B5DC-78374FFCC72D;2022;8.67;2
3771DD91-3578-4B94-BEF1-FA8E363E7249;2022;14.800833333333335;4
3771DD91-3578-4B94-BEF1-FA8E363E7249;2024;14.756666666666668;0
5A09A6DA-F28F-4968-8F46-BEE96E14F154;2024;18.375;3
A45A28B1-55EC-4FC9-A137-39F540957622;2024;12.276666666666666;0
014375DD-7DDA-4490-A214-9926F08DA976;2021;17.523333333333337;3
014375DD-7DDA-4490-A214-9926F08DA976;2022;15.176666666666664;4
B3CCD1E7-318F-4553-8A0D-16C4C6D378B5;2019;14.455;0
B3CCD1E7-318F-4553-8A0D-16C4C6D378B5;2020;12.750909090909092;0
B3CCD1E7-318F-4553-8A0D-16C4C6D378B5;2021;9.96;2
B3CCD1E7-318F-4553-8A0D-16C4C6D378B5;2022;11.111249999999998;2
8A8A2E0B-8BCD-4F33-9F62-A61200E31EA8;2021;8.843333333333334;2
8A8A2E0B-8BCD-4F33-9F62-A61200E31EA8;2022;17.912499999999994;3
EDC3C843-A05D-41B2-A184-8357AB8BAAD4;2022;18.361666666666668;3
EDC3C843-A05D-41B2-A184-8357AB8BAAD4;2024;21.895;1
08C8BDE6-EDB6-4288-8EE7-A25500B1C4FD;2019;16.36888888888889;4
08C8BDE6-EDB6-4288-8EE7-A25500B1C4FD;2020;16.775454545454547;4
08C8BDE6-EDB6-4288-8EE7-A25500B1C4FD;2021;19.1925;3
08C8BDE6-EDB6-4288-8EE7-A25500B1C4FD;2022;17.715833333333336;3
08C8BDE6-EDB6-4288-8EE7-A25500B1C4FD;2024;14.716666666666669;0
18386F7D-5806-48B5-9C27-2185CDBE30D3;2022;14.0075;0
18386F7D-5806-48B5-9C27-2185CDBE30D3;2024;12.436666666666667;0
DDD424AA-D31B-43FC-9AD7-A892013B22B3;2019;15.147777777777776;4
DDD424AA-D31B-43FC-9AD7-A892013B22B3;2020;15.708333333333336;4
DDD424AA-D31B-43FC-9AD7-A892013B22B3;2021;13.884166666666665;0
DDD424AA-D31B-43FC-9AD7-A892013B22B3;2022;16.550833333333333;4
DDD424AA-D31B-43FC-9AD7-A892013B22B3;2024;11.873333333333335;0
93B94A79-DCCD-4AA6-8A12-25D657D99369;2020;16.894;4
93B94A79-DCCD-4AA6-8A12-25D657D99369;2021;15.526666666666669;4
93B94A79-DCCD-4AA6-8A12-25D657D99369;2022;19.319999999999997;3
93B94A79-DCCD-4AA6-8A12-25D657D99369;2024;13.226666666666667;0
DB30DED0-B0C9-452D-891C-AA9200F6A020;2019;13.468571428571426;0
DB30DED0-B0C9-452D-891C-AA9200F6A020;2020;16.9325;4
DB30DED0-B0C9-452D-891C-AA9200F6A020;2021;16.683333333333334;4
DB30DED0-B0C9-452D-891C-AA9200F6A020;2022;15.142499999999998;4
DB30DED0-B0C9-452D-891C-AA9200F6A020;2024;14.916666666666666;4
E7D75282-300D-4619-AFD2-A8A701403C81;2019;14.86111111111111;4
E7D75282-300D-4619-AFD2-A8A701403C81;2020;13.286666666666667;0
E7D75282-300D-4619-AFD2-A8A701403C81;2021;14.975;4
E7D75282-300D-4619-AFD2-A8A701403C81;2022;15.136666666666668;4
E7D75282-300D-4619-AFD2-A8A701403C81;2024;22.73;1
266A1ADB-5E96-4401-A506-9EA714D49957;2019;20.15;3
266A1ADB-5E96-4401-A506-9EA714D49957;2020;17.134999999999998;4
266A1ADB-5E96-4401-A506-9EA714D49957;2021;15.895833333333334;4
266A1ADB-5E96-4401-A506-9EA714D49957;2022;15.341666666666663;4
266A1ADB-5E96-4401-A506-9EA714D49957;2024;15.826666666666666;4
EBAB9B76-455F-45D8-BFB5-A589015B1E04;2019;14.222222222222221;0
EBAB9B76-455F-45D8-BFB5-A589015B1E04;2020;16.099166666666665;4
EBAB9B76-455F-45D8-BFB5-A589015B1E04;2021;16.305833333333336;4
EBAB9B76-455F-45D8-BFB5-A589015B1E04;2022;16.28333333333333;4
EBAB9B76-455F-45D8-BFB5-A589015B1E04;2024;17.48;4
6B3BE6AB-0625-4EF1-BBB5-A25500B23D0C;2019;17.07;4
6B3BE6AB-0625-4EF1-BBB5-A25500B23D0C;2020;17.193333333333335;4
6B3BE6AB-0625-4EF1-BBB5-A25500B23D0C;2021;17.220833333333328;4
6B3BE6AB-0625-4EF1-BBB5-A25500B23D0C;2022;16.9575;4
6B3BE6AB-0625-4EF1-BBB5-A25500B23D0C;2024;14.31;0
18727ABB-04AB-4384-8572-A95000A2D499;2019;18.528888888888886;3
18727ABB-04AB-4384-8572-A95000A2D499;2020;21.8425;1
2D88A53C-A474-4898-B413-A7780112550A;2019;18.12;3
2D88A53C-A474-4898-B413-A7780112550A;2020;16.0325;4
2D88A53C-A474-4898-B413-A7780112550A;2021;17.374166666666664;4
2D88A53C-A474-4898-B413-A7780112550A;2022;18.49083333333333;3
2D88A53C-A474-4898-B413-A7780112550A;2024;16.643333333333334;4
FDD359FC-6B7B-4DC9-B58B-A25500B1C29A;2019;18.28;3
FDD359FC-6B7B-4DC9-B58B-A25500B1C29A;2020;14.701666666666666;0
FDD359FC-6B7B-4DC9-B58B-A25500B1C29A;2021;16.014166666666668;4
FDD359FC-6B7B-4DC9-B58B-A25500B1C29A;2022;17.854166666666664;3
FDD359FC-6B7B-4DC9-B58B-A25500B1C29A;2024;14.13;0
2283D6B2-20CC-49BD-A7BD-5B34B77CA428;2024;14.386666666666665;0
DB5B4159-9F1F-4745-A536-A53D015A84D5;2019;16.906666666666663;4
DB5B4159-9F1F-4745-A536-A53D015A84D5;2020;16.81;4
DB5B4159-9F1F-4745-A536-A53D015A84D5;2021;16.394166666666667;4
DB5B4159-9F1F-4745-A536-A53D015A84D5;2022;17.358333333333334;4
DB5B4159-9F1F-4745-A536-A53D015A84D5;2024;17.930000000000003;3
24CF0CB3-9CB3-4A9F-B199-1617D9E972E6;2024;18.82;3
0973C881-2CAB-45CC-AB87-A5D2000AEF75;2019;12.904444444444444;0
0973C881-2CAB-45CC-AB87-A5D2000AEF75;2020;11.821666666666667;0
0973C881-2CAB-45CC-AB87-A5D2000AEF75;2021;11.333333333333334;2
0973C881-2CAB-45CC-AB87-A5D2000AEF75;2022;11.429166666666667;2
0973C881-2CAB-45CC-AB87-A5D2000AEF75;2024;13.33;0
586CB2F2-AB03-45F1-B80A-A6B000D8ECFD;2019;13.921111111111111;0
586CB2F2-AB03-45F1-B80A-A6B000D8ECFD;2020;16.202499999999997;4
586CB2F2-AB03-45F1-B80A-A6B000D8ECFD;2021;16.809166666666666;4
586CB2F2-AB03-45F1-B80A-A6B000D8ECFD;2022;17.297500000000003;4
586CB2F2-AB03-45F1-B80A-A6B000D8ECFD;2024;17.833333333333332;3
CACC29F0-6ABA-47B5-83F5-A7A5011F1481;2019;13.154444444444444;0
CACC29F0-6ABA-47B5-83F5-A7A5011F1481;2020;15.244166666666667;4
CACC29F0-6ABA-47B5-83F5-A7A5011F1481;2021;16.032500000000002;4
CACC29F0-6ABA-47B5-83F5-A7A5011F1481;2022;16.6375;4
CACC29F0-6ABA-47B5-83F5-A7A5011F1481;2024;18.713333333333335;3
5845BC2C-A121-47CC-B0AC-A5280177D373;2019;15.848749999999999;4
5845BC2C-A121-47CC-B0AC-A5280177D373;2020;16.525;4
5845BC2C-A121-47CC-B0AC-A5280177D373;2021;16.675;4
5845BC2C-A121-47CC-B0AC-A5280177D373;2022;17.9425;3
5845BC2C-A121-47CC-B0AC-A5280177D373;2024;16.866666666666667;4
6BE0B052-7A61-463C-8EE7-4CF6AD61E33F;2021;16.226999999999997;4
6BE0B052-7A61-463C-8EE7-4CF6AD61E33F;2022;14.448333333333332;0
6BE0B052-7A61-463C-8EE7-4CF6AD61E33F;2024;14.756666666666666;0
CB756700-9572-42ED-A0D2-A27301422F83;2024;19.723333333333333;3
F46229D2-5095-40C1-9EAA-A77C01407CA4;2019;17.802857142857142;3
F46229D2-5095-40C1-9EAA-A77C01407CA4;2020;17.493333333333332;4
F46229D2-5095-40C1-9EAA-A77C01407CA4;2021;16.494000000000003;4
F46229D2-5095-40C1-9EAA-A77C01407CA4;2022;19.511666666666667;3
F46229D2-5095-40C1-9EAA-A77C01407CA4;2024;19.483333333333334;3
1D734D15-B608-478F-9CA7-A77C0141772F;2019;17.868000000000002;3
1D734D15-B608-478F-9CA7-A77C0141772F;2020;21.45416666666667;1
1D734D15-B608-478F-9CA7-A77C0141772F;2021;20.631666666666664;1
1D734D15-B608-478F-9CA7-A77C0141772F;2022;19.019166666666667;3
1D734D15-B608-478F-9CA7-A77C0141772F;2024;19.346666666666668;3
DF32566E-1881-4982-A730-A25500B1FAFD;2019;12.795555555555557;0
DF32566E-1881-4982-A730-A25500B1FAFD;2020;14.945454545454544;4
DF32566E-1881-4982-A730-A25500B1FAFD;2021;15.681666666666667;4
DF32566E-1881-4982-A730-A25500B1FAFD;2022;16.216666666666665;4
DF32566E-1881-4982-A730-A25500B1FAFD;2024;16.683333333333334;4
70FF7836-A309-435A-8C68-A25500B1F941;2020;14.089000000000002;0
70FF7836-A309-435A-8C68-A25500B1F941;2021;11.803333333333333;0
70FF7836-A309-435A-8C68-A25500B1F941;2022;12.243333333333332;0
70FF7836-A309-435A-8C68-A25500B1F941;2024;12.956666666666669;0
4A3079F5-A458-46B2-8B5D-A9D9010897BB;2019;17.21333333333333;4
4A3079F5-A458-46B2-8B5D-A9D9010897BB;2020;16.106666666666666;4
4A3079F5-A458-46B2-8B5D-A9D9010897BB;2021;15.027499999999998;4
4A3079F5-A458-46B2-8B5D-A9D9010897BB;2022;15.505833333333333;4
4A3079F5-A458-46B2-8B5D-A9D9010897BB;2024;21.163333333333334;1
A85F3F72-4650-4AA4-9A04-A9D900FB4362;2019;20.938888888888886;1
A85F3F72-4650-4AA4-9A04-A9D900FB4362;2020;17.955833333333334;3
A85F3F72-4650-4AA4-9A04-A9D900FB4362;2021;17.965833333333332;3
A85F3F72-4650-4AA4-9A04-A9D900FB4362;2022;18.57083333333333;3
A85F3F72-4650-4AA4-9A04-A9D900FB4362;2024;17.08666666666667;4
5D657418-DEA5-4657-A783-A9D900F9011E;2021;16.495833333333334;4
5D657418-DEA5-4657-A783-A9D900F9011E;2022;24.6825;1
DC0EA375-BDD5-4009-B6E2-A9D900F69827;2019;22.536666666666665;1
DC0EA375-BDD5-4009-B6E2-A9D900F69827;2021;25.492499999999993;1
DC0EA375-BDD5-4009-B6E2-A9D900F69827;2022;17.855833333333333;3
DC0EA375-BDD5-4009-B6E2-A9D900F69827;2024;19.746666666666666;3
2DB9F957-85FF-4596-871A-85B67723CC95;2022;18.195999999999998;3
2DB9F957-85FF-4596-871A-85B67723CC95;2024;15.949999999999998;4
C3B064B7-F960-46DF-8E9F-E78738559C30;2021;15.482857142857142;4
C3B064B7-F960-46DF-8E9F-E78738559C30;2022;13.01;0
0D3EAAFB-323E-43ED-AD7D-87B384D17582;2021;20.765;1
0D3EAAFB-323E-43ED-AD7D-87B384D17582;2022;21.98166666666667;1
0D3EAAFB-323E-43ED-AD7D-87B384D17582;2024;19.80666666666667;3
72AD2F8F-3BCB-45D4-AD31-3C289BC043A3;2022;11.022000000000002;2
72AD2F8F-3BCB-45D4-AD31-3C289BC043A3;2024;9.49;2
87A9DA6A-4226-462E-9EC5-6D8D26774CB3;2021;13.352500000000001;0
87A9DA6A-4226-462E-9EC5-6D8D26774CB3;2022;14.410833333333336;0
4B4A59C6-A53E-4A66-B177-EF047338A732;2022;15.27833333333333;4
4B4A59C6-A53E-4A66-B177-EF047338A732;2024;16.433333333333334;4
18988183-859E-4520-867F-957456E19CF5;2021;14.635;0
18988183-859E-4520-867F-957456E19CF5;2022;12.380833333333335;0
18988183-859E-4520-867F-957456E19CF5;2024;11.423333333333332;2
F276AF55-6082-453E-B348-35DC9D829C58;2020;15.58;4
F276AF55-6082-453E-B348-35DC9D829C58;2021;19.8025;3
F276AF55-6082-453E-B348-35DC9D829C58;2022;22.179166666666664;1
F276AF55-6082-453E-B348-35DC9D829C58;2024;19.13;3
66BE67CD-A2F6-486A-AFAC-340ACD22C4AF;2022;21.826;1
66BE67CD-A2F6-486A-AFAC-340ACD22C4AF;2024;17.650000000000002;3
AF6518E0-5342-43C5-AD89-A6180159E494;2019;20.004444444444445;3
AF6518E0-5342-43C5-AD89-A6180159E494;2020;20.365;3
AF6518E0-5342-43C5-AD89-A6180159E494;2021;20.775833333333335;1
AF6518E0-5342-43C5-AD89-A6180159E494;2022;20.8575;1
AF6518E0-5342-43C5-AD89-A6180159E494;2024;19.093333333333334;3
D35A4E10-2EE5-40FF-AC50-111CAE0FF7D9;2020;14.06;0
D35A4E10-2EE5-40FF-AC50-111CAE0FF7D9;2021;14.209166666666667;0
D35A4E10-2EE5-40FF-AC50-111CAE0FF7D9;2022;13.829166666666666;0
D35A4E10-2EE5-40FF-AC50-111CAE0FF7D9;2024;14.416666666666666;0
81B0D53A-8E02-425F-B63B-A6670166C46A;2019;18.395555555555557;3
81B0D53A-8E02-425F-B63B-A6670166C46A;2020;22.381666666666664;1
81B0D53A-8E02-425F-B63B-A6670166C46A;2021;19.9575;3
81B0D53A-8E02-425F-B63B-A6670166C46A;2022;18.935833333333335;3
81B0D53A-8E02-425F-B63B-A6670166C46A;2024;18.736666666666668;3
055D30AC-4BF7-48EA-90FA-CB23E125EDFE;2022;10.593;2
055D30AC-4BF7-48EA-90FA-CB23E125EDFE;2024;12.643333333333333;0
6B2C4D56-DBC3-4B8D-94E7-A4DC00FA995A;2019;9.934444444444445;2
6B2C4D56-DBC3-4B8D-94E7-A4DC00FA995A;2020;10.286666666666665;2
6B2C4D56-DBC3-4B8D-94E7-A4DC00FA995A;2021;9.8275;2
6B2C4D56-DBC3-4B8D-94E7-A4DC00FA995A;2022;9.165000000000001;2
6B2C4D56-DBC3-4B8D-94E7-A4DC00FA995A;2024;11.753333333333332;0
4D89AD03-E3DD-450A-A78D-A42700B06C78;2019;9.462222222222222;2
4D89AD03-E3DD-450A-A78D-A42700B06C78;2020;10.135833333333334;2
4D89AD03-E3DD-450A-A78D-A42700B06C78;2021;8.931666666666667;2
4D89AD03-E3DD-450A-A78D-A42700B06C78;2022;6.493333333333332;2
4D89AD03-E3DD-450A-A78D-A42700B06C78;2024;10.01;2
879804B1-BABE-462A-A892-A2FE00E9AAB2;2019;10.401111111111112;2
879804B1-BABE-462A-A892-A2FE00E9AAB2;2020;11.215000000000002;2
879804B1-BABE-462A-A892-A2FE00E9AAB2;2021;11.985833333333334;0
879804B1-BABE-462A-A892-A2FE00E9AAB2;2022;11.781666666666666;0
879804B1-BABE-462A-A892-A2FE00E9AAB2;2024;13.949999999999998;0
04DE77A8-FA0D-4A4A-B5C2-A32700207FFA;2019;10.356666666666667;2
04DE77A8-FA0D-4A4A-B5C2-A32700207FFA;2020;11.4225;2
04DE77A8-FA0D-4A4A-B5C2-A32700207FFA;2021;10.2725;2
04DE77A8-FA0D-4A4A-B5C2-A32700207FFA;2022;8.681666666666668;2
04DE77A8-FA0D-4A4A-B5C2-A32700207FFA;2024;10.026666666666666;2
3D0F08F4-1516-4AE0-84E2-A4C101162BC5;2019;12.47;0
3D0F08F4-1516-4AE0-84E2-A4C101162BC5;2020;11.005;2
3D0F08F4-1516-4AE0-84E2-A4C101162BC5;2021;9.774166666666668;2
3D0F08F4-1516-4AE0-84E2-A4C101162BC5;2022;11.366666666666665;2
3D0F08F4-1516-4AE0-84E2-A4C101162BC5;2024;12.920000000000002;0
29396EBE-FCD1-47FC-A88D-278C84D04981;2020;12.945;0
29396EBE-FCD1-47FC-A88D-278C84D04981;2021;13.45833333333333;0
29396EBE-FCD1-47FC-A88D-278C84D04981;2022;12.920833333333334;0
29396EBE-FCD1-47FC-A88D-278C84D04981;2024;20.34;3
B11AAA6F-5060-4502-A30C-7C006355B555;2024;10.673333333333334;2
D7D40A0E-D596-4DD6-BD65-A824018940CA;2019;13.47111111111111;0
D7D40A0E-D596-4DD6-BD65-A824018940CA;2020;16.5025;4
D7D40A0E-D596-4DD6-BD65-A824018940CA;2021;19.08583333333333;3
D7D40A0E-D596-4DD6-BD65-A824018940CA;2022;17.680833333333336;3
D7D40A0E-D596-4DD6-BD65-A824018940CA;2024;15.333333333333334;4
245C6BB8-06C7-400E-8DD1-A600002A2014;2019;16.14333333333333;4
245C6BB8-06C7-400E-8DD1-A600002A2014;2020;17.40833333333333;4
245C6BB8-06C7-400E-8DD1-A600002A2014;2021;17.892500000000002;3
245C6BB8-06C7-400E-8DD1-A600002A2014;2022;15.455;4
245C6BB8-06C7-400E-8DD1-A600002A2014;2024;20.47;3
0FF89A3E-B721-4E61-8E32-448208207F87;2019;19.71;3
0FF89A3E-B721-4E61-8E32-448208207F87;2020;19.017500000000002;3
0FF89A3E-B721-4E61-8E32-448208207F87;2021;12.850833333333334;0
0FF89A3E-B721-4E61-8E32-448208207F87;2022;13.046666666666665;0
0FF89A3E-B721-4E61-8E32-448208207F87;2024;14.623333333333335;0
7290A312-D732-4572-8F7D-D6F8FD63A4BD;2020;10.863333333333335;2
7290A312-D732-4572-8F7D-D6F8FD63A4BD;2021;14.110833333333334;0
7290A312-D732-4572-8F7D-D6F8FD63A4BD;2022;15.368333333333332;4
C1BBD038-2151-48D2-A421-A786013266D4;2019;14.101111111111111;0
C1BBD038-2151-48D2-A421-A786013266D4;2020;14.517499999999998;0
C1BBD038-2151-48D2-A421-A786013266D4;2021;13.455833333333333;0
C1BBD038-2151-48D2-A421-A786013266D4;2022;12.754166666666668;0
C1BBD038-2151-48D2-A421-A786013266D4;2024;15.806666666666667;4
9A439CBE-A89A-4B02-BC05-99F938282C2B;2020;18.809166666666666;3
9A439CBE-A89A-4B02-BC05-99F938282C2B;2021;15.863333333333332;4
9A439CBE-A89A-4B02-BC05-99F938282C2B;2022;23.114166666666666;1
9A439CBE-A89A-4B02-BC05-99F938282C2B;2024;23.616666666666664;1
4E2A55F4-7A39-449F-8EFC-A31A01657272;2019;12.875555555555556;0
4E2A55F4-7A39-449F-8EFC-A31A01657272;2020;15.108333333333334;4
4E2A55F4-7A39-449F-8EFC-A31A01657272;2021;16.62833333333333;4
4E2A55F4-7A39-449F-8EFC-A31A01657272;2022;14.853333333333333;4
4E2A55F4-7A39-449F-8EFC-A31A01657272;2024;19.146666666666665;3
8EC93351-05DA-464E-9E59-AAA9006C7D91;2019;18.151666666666667;3
8EC93351-05DA-464E-9E59-AAA9006C7D91;2020;18.98333333333333;3
8EC93351-05DA-464E-9E59-AAA9006C7D91;2021;18.83666666666667;3
8EC93351-05DA-464E-9E59-AAA9006C7D91;2022;19.530833333333337;3
7704F55D-09F2-496B-BC4A-A25500B1D5A6;2019;14.133333333333333;0
7704F55D-09F2-496B-BC4A-A25500B1D5A6;2020;14.305;0
7704F55D-09F2-496B-BC4A-A25500B1D5A6;2021;13.178333333333333;0
7704F55D-09F2-496B-BC4A-A25500B1D5A6;2022;13.625833333333333;0
7704F55D-09F2-496B-BC4A-A25500B1D5A6;2024;16.846666666666668;4
FF21321A-BA33-4E15-9C5D-A25500B251F4;2019;6.1433333333333335;2
FF21321A-BA33-4E15-9C5D-A25500B251F4;2020;6.44;2
FF21321A-BA33-4E15-9C5D-A25500B251F4;2021;8.000833333333333;2
FF21321A-BA33-4E15-9C5D-A25500B251F4;2022;7.325;2
FF21321A-BA33-4E15-9C5D-A25500B251F4;2024;8.7;2
78A166E2-0550-4EF4-8405-F4EC041A6D54;2022;14.52;0
78A166E2-0550-4EF4-8405-F4EC041A6D54;2024;16.55;4
884634A0-E124-4B6E-9DC5-A25500B26FF3;2019;18.035555555555554;3
884634A0-E124-4B6E-9DC5-A25500B26FF3;2020;18.45916666666667;3
884634A0-E124-4B6E-9DC5-A25500B26FF3;2021;17.825;3
884634A0-E124-4B6E-9DC5-A25500B26FF3;2022;17.866666666666664;3
884634A0-E124-4B6E-9DC5-A25500B26FF3;2024;15.54;4
ED3D2F63-901B-40AD-A8F8-C5AFA9733E19;2022;20.164;3
ED3D2F63-901B-40AD-A8F8-C5AFA9733E19;2024;19.09;3
A76754BA-A4CA-4882-8EB5-A25500B23A0C;2019;19.78666666666667;3
A76754BA-A4CA-4882-8EB5-A25500B23A0C;2020;18.209166666666665;3
A76754BA-A4CA-4882-8EB5-A25500B23A0C;2021;17.2325;4
A76754BA-A4CA-4882-8EB5-A25500B23A0C;2022;18.741666666666664;3
A76754BA-A4CA-4882-8EB5-A25500B23A0C;2024;20.580000000000002;3
23F6DD4A-5D19-4B0A-AF63-A35500F72BE1;2019;17.171111111111113;4
23F6DD4A-5D19-4B0A-AF63-A35500F72BE1;2020;14.6925;0
23F6DD4A-5D19-4B0A-AF63-A35500F72BE1;2021;15.19416666666667;4
23F6DD4A-5D19-4B0A-AF63-A35500F72BE1;2022;15.148333333333333;4
23F6DD4A-5D19-4B0A-AF63-A35500F72BE1;2024;17.56;3
F07A53B5-2242-4322-9DEB-B05300226CCC;2021;16.77;4
F07A53B5-2242-4322-9DEB-B05300226CCC;2022;15.8025;4
F07A53B5-2242-4322-9DEB-B05300226CCC;2024;12.589999999999998;0
558DE161-0655-422E-9B67-A25500B23A25;2019;20.797777777777778;1
558DE161-0655-422E-9B67-A25500B23A25;2020;21.146666666666665;1
558DE161-0655-422E-9B67-A25500B23A25;2021;21.41416666666667;1
558DE161-0655-422E-9B67-A25500B23A25;2022;21.551666666666666;1
558DE161-0655-422E-9B67-A25500B23A25;2024;20.406666666666666;3
2C17C6D3-E71D-48CC-8030-A71A0145BBDE;2019;15.664444444444447;4
2C17C6D3-E71D-48CC-8030-A71A0145BBDE;2020;15.880833333333333;4
2C17C6D3-E71D-48CC-8030-A71A0145BBDE;2021;15.251666666666667;4
2C17C6D3-E71D-48CC-8030-A71A0145BBDE;2022;13.600833333333334;0
2C17C6D3-E71D-48CC-8030-A71A0145BBDE;2024;14.556666666666667;0
27FDF08A-985C-41DF-B76E-A2DF00B43A3A;2019;15.881111111111112;4
27FDF08A-985C-41DF-B76E-A2DF00B43A3A;2020;19.404999999999998;3
27FDF08A-985C-41DF-B76E-A2DF00B43A3A;2021;18.903333333333332;3
27FDF08A-985C-41DF-B76E-A2DF00B43A3A;2022;18.976666666666667;3
27FDF08A-985C-41DF-B76E-A2DF00B43A3A;2024;24.94333333333333;1
2362711F-8E0A-4A3E-A841-A61200E7EE1C;2022;17.366666666666664;4
062E44DD-50D3-4670-B0C0-A71A00F8C1B7;2022;10.19111111111111;2
062E44DD-50D3-4670-B0C0-A71A00F8C1B7;2024;12.51;0
2379F388-3AD0-41F5-970A-ED5D9D4D6E7B;2024;14.603333333333333;0
A1599B25-B339-4392-B692-A25500B1C76C;2019;12.003333333333334;0
A1599B25-B339-4392-B692-A25500B1C76C;2020;12.405;0
A1599B25-B339-4392-B692-A25500B1C76C;2021;14.04;0
A1599B25-B339-4392-B692-A25500B1C76C;2022;14.729999999999999;0
A1599B25-B339-4392-B692-A25500B1C76C;2024;13.643333333333333;0
829540E7-4B3C-40C7-A9DC-A5AA0137ACA5;2019;10.130000000000003;2
829540E7-4B3C-40C7-A9DC-A5AA0137ACA5;2020;7.678;2
829540E7-4B3C-40C7-A9DC-A5AA0137ACA5;2022;8.209999999999999;2
829540E7-4B3C-40C7-A9DC-A5AA0137ACA5;2024;14.82;4
A0B04296-6817-442F-BD4E-A5A2001598E2;2022;25.54;1
A0B04296-6817-442F-BD4E-A5A2001598E2;2024;20.346666666666668;3
D86EEFCA-D966-4E84-9869-066386A968CA;2024;10.450000000000001;2
BE9AD98D-AFDA-4703-A031-B85454049739;2024;13.969999999999999;0
1BD76C18-A806-4D66-ADD4-A25500B22B4B;2022;11.683333333333334;0
1BD76C18-A806-4D66-ADD4-A25500B22B4B;2024;14.58;0
4B0466CD-8AA9-4093-B7EC-F0840CBB3132;2024;13.446666666666667;0
34C6FEE0-28CB-42AE-9D46-A25500B1C8C2;2021;12.924166666666666;0
34C6FEE0-28CB-42AE-9D46-A25500B1C8C2;2022;16.398333333333333;4
34C6FEE0-28CB-42AE-9D46-A25500B1C8C2;2024;17.823333333333334;3
FB17B035-827D-4AF4-B1EF-25A0C8B5148B;2020;12.193333333333333;0
FB17B035-827D-4AF4-B1EF-25A0C8B5148B;2021;14.267499999999998;0
FB17B035-827D-4AF4-B1EF-25A0C8B5148B;2022;12.89;0
FB17B035-827D-4AF4-B1EF-25A0C8B5148B;2024;16.396666666666665;4
7FE2B7A1-6DB8-4324-8117-A25500B1AD54;2019;11.364444444444445;2
7FE2B7A1-6DB8-4324-8117-A25500B1AD54;2020;12.791666666666666;0
7FE2B7A1-6DB8-4324-8117-A25500B1AD54;2021;14.489166666666668;0
7FE2B7A1-6DB8-4324-8117-A25500B1AD54;2022;13.0325;0
7FE2B7A1-6DB8-4324-8117-A25500B1AD54;2024;12.463333333333333;0
7F72DD8D-609B-4D50-98A9-A5DC00F4F3F5;2019;14.25;0
7F72DD8D-609B-4D50-98A9-A5DC00F4F3F5;2020;14.188333333333334;0
7F72DD8D-609B-4D50-98A9-A5DC00F4F3F5;2021;14.645000000000001;0
7F72DD8D-609B-4D50-98A9-A5DC00F4F3F5;2022;12.596666666666666;0
7F72DD8D-609B-4D50-98A9-A5DC00F4F3F5;2024;17.656666666666666;3
8941F2D0-3530-4C30-A903-A25500B211E1;2019;7.220000000000001;2
8941F2D0-3530-4C30-A903-A25500B211E1;2020;7.454999999999999;2
8941F2D0-3530-4C30-A903-A25500B211E1;2021;10.893333333333333;2
8941F2D0-3530-4C30-A903-A25500B211E1;2022;11.064166666666667;2
8941F2D0-3530-4C30-A903-A25500B211E1;2024;19.593333333333334;3
3110942A-D47E-4876-A7CC-A25500B23582;2019;13.43;0
3110942A-D47E-4876-A7CC-A25500B23582;2020;15.036666666666667;4
3110942A-D47E-4876-A7CC-A25500B23582;2021;15.5725;4
3110942A-D47E-4876-A7CC-A25500B23582;2022;14.485;0
3110942A-D47E-4876-A7CC-A25500B23582;2024;12.666666666666666;0
D842A048-E391-4297-A8C1-D7373A3C2068;2022;14.719999999999999;0
D842A048-E391-4297-A8C1-D7373A3C2068;2024;16.97666666666667;4
AEB7741D-064F-492C-8BA9-A25500B1B1B8;2019;15.061111111111112;4
AEB7741D-064F-492C-8BA9-A25500B1B1B8;2020;20.615;1
AEB7741D-064F-492C-8BA9-A25500B1B1B8;2022;16.900833333333335;4
AEB7741D-064F-492C-8BA9-A25500B1B1B8;2024;17.436666666666667;4
3B20DB25-4A9B-42AA-98EA-A7E00146F7FE;2019;12.347777777777777;0
3B20DB25-4A9B-42AA-98EA-A7E00146F7FE;2020;10.903333333333334;2
3B20DB25-4A9B-42AA-98EA-A7E00146F7FE;2021;14.775833333333333;0
3B20DB25-4A9B-42AA-98EA-A7E00146F7FE;2022;14.295833333333333;0
3B20DB25-4A9B-42AA-98EA-A7E00146F7FE;2024;12.326666666666666;0
CC2878B0-C268-4BB4-BE6B-86A012C02B91;2021;18.25833333333333;3
CC2878B0-C268-4BB4-BE6B-86A012C02B91;2022;17.28916666666667;4
CC2878B0-C268-4BB4-BE6B-86A012C02B91;2024;20.743333333333332;1
DCA3CB63-78BF-4943-92DB-A53300027467;2021;15.581666666666669;4
DCA3CB63-78BF-4943-92DB-A53300027467;2022;15.225833333333334;4
DCA3CB63-78BF-4943-92DB-A53300027467;2024;16.253333333333334;4
964B531A-C3B3-46DF-80FB-06E7AAB215A4;2022;13.597142857142858;0
964B531A-C3B3-46DF-80FB-06E7AAB215A4;2024;21.16333333333333;1
E4608DF7-E2A9-48DE-B228-7B9CCAC39291;2020;7.5275;2
E4608DF7-E2A9-48DE-B228-7B9CCAC39291;2021;10.993333333333332;2
E4608DF7-E2A9-48DE-B228-7B9CCAC39291;2022;9.666666666666666;2
E4608DF7-E2A9-48DE-B228-7B9CCAC39291;2024;13.873333333333335;0
0E8CF754-860C-49BC-A5B4-D5966DFF55C1;2020;18.922;3
0E8CF754-860C-49BC-A5B4-D5966DFF55C1;2021;18.41;3
0E8CF754-860C-49BC-A5B4-D5966DFF55C1;2022;16.697499999999998;4
0E8CF754-860C-49BC-A5B4-D5966DFF55C1;2024;14.253333333333336;0
E096C1CB-ACC8-47BD-A9F6-4B7BA33D628E;2020;14.3325;0
E096C1CB-ACC8-47BD-A9F6-4B7BA33D628E;2021;13.273333333333332;0
E096C1CB-ACC8-47BD-A9F6-4B7BA33D628E;2022;14.096666666666666;0
E096C1CB-ACC8-47BD-A9F6-4B7BA33D628E;2024;13.219999999999999;0
25CDCBC2-10D6-447A-8D1B-9482E41419FB;2020;12.456666666666665;0
25CDCBC2-10D6-447A-8D1B-9482E41419FB;2021;10.125833333333334;2
25CDCBC2-10D6-447A-8D1B-9482E41419FB;2022;10.791666666666666;2
25CDCBC2-10D6-447A-8D1B-9482E41419FB;2024;11.57;2
E7A15E4B-AC19-4099-B58F-17B00BC9C176;2020;13.143333333333333;0
E7A15E4B-AC19-4099-B58F-17B00BC9C176;2021;12.079166666666666;0
E7A15E4B-AC19-4099-B58F-17B00BC9C176;2022;11.11;2
E7A15E4B-AC19-4099-B58F-17B00BC9C176;2024;14.12;0
CB0C385E-CA7D-4194-BF96-CF35E7AECAA4;2022;10.354285714285714;2
CB0C385E-CA7D-4194-BF96-CF35E7AECAA4;2024;8.296666666666667;2
FA6E4195-016B-4293-A001-615FA940AEF1;2020;5.91;2
FA6E4195-016B-4293-A001-615FA940AEF1;2021;7.620833333333334;2
FA6E4195-016B-4293-A001-615FA940AEF1;2022;9.859166666666667;2
FA6E4195-016B-4293-A001-615FA940AEF1;2024;11.713333333333333;0
1561C17E-5E5B-4B6B-B5CC-676257C6B58B;2020;10.44;2
1561C17E-5E5B-4B6B-B5CC-676257C6B58B;2021;12.862499999999999;0
1561C17E-5E5B-4B6B-B5CC-676257C6B58B;2022;13.792499999999999;0
1561C17E-5E5B-4B6B-B5CC-676257C6B58B;2024;14.466666666666667;0
01DE0E2F-76C2-4A21-8FBD-11472C310A6F;2021;22.525000000000002;1
01DE0E2F-76C2-4A21-8FBD-11472C310A6F;2022;21.215833333333332;1
01DE0E2F-76C2-4A21-8FBD-11472C310A6F;2024;19.296666666666667;3
17757553-3707-4AF1-BA86-1EBB0530421C;2019;20.01666666666667;3
17757553-3707-4AF1-BA86-1EBB0530421C;2020;19.853333333333335;3
17757553-3707-4AF1-BA86-1EBB0530421C;2021;23.377499999999998;1
17757553-3707-4AF1-BA86-1EBB0530421C;2022;22.03333333333333;1
17757553-3707-4AF1-BA86-1EBB0530421C;2024;23.686666666666667;1
65640645-3A2F-4CF5-8C48-2775E4EEDC07;2020;15.22888888888889;4
65640645-3A2F-4CF5-8C48-2775E4EEDC07;2021;16.169999999999998;4
65640645-3A2F-4CF5-8C48-2775E4EEDC07;2022;17.30916666666667;4
65640645-3A2F-4CF5-8C48-2775E4EEDC07;2024;14.953333333333333;4
58DEB63D-3ECA-4D63-B4C4-07AB86F02DE8;2022;14.61857142857143;0
58DEB63D-3ECA-4D63-B4C4-07AB86F02DE8;2024;18.116666666666664;3
28F05CBF-6281-4930-A790-7326F851E34F;2020;14.58;0
28F05CBF-6281-4930-A790-7326F851E34F;2021;13.726666666666667;0
28F05CBF-6281-4930-A790-7326F851E34F;2022;17.955833333333334;3
28F05CBF-6281-4930-A790-7326F851E34F;2024;20.516666666666666;3
BFA9CC6C-7349-49E6-8E63-A25500B25B2A;2019;14.303333333333333;0
BED3193C-A594-4F9A-A241-A9040114CB6D;2019;23.06222222222222;1
BED3193C-A594-4F9A-A241-A9040114CB6D;2020;23.38;1
BED3193C-A594-4F9A-A241-A9040114CB6D;2021;24.9575;1
BED3193C-A594-4F9A-A241-A9040114CB6D;2022;23.5525;1
BED3193C-A594-4F9A-A241-A9040114CB6D;2024;23.10666666666667;1
C216EF1B-A93C-4282-9601-56461A65EA6C;2022;19.31875;3
C216EF1B-A93C-4282-9601-56461A65EA6C;2024;21.396666666666665;1
85480C94-E5C0-4122-AB24-570CF6E9CABF;2021;13.84;0
85480C94-E5C0-4122-AB24-570CF6E9CABF;2022;19.186666666666667;3
85480C94-E5C0-4122-AB24-570CF6E9CABF;2024;20.636666666666667;1
883C703F-159B-47C5-B388-A83F008B6812;2019;22.855555555555554;1
883C703F-159B-47C5-B388-A83F008B6812;2020;25.50166666666667;1
883C703F-159B-47C5-B388-A83F008B6812;2022;24.44583333333333;1
883C703F-159B-47C5-B388-A83F008B6812;2024;23.656666666666666;1
60283029-F3AD-47AA-B885-A5C10149B375;2019;12.821111111111113;0
60283029-F3AD-47AA-B885-A5C10149B375;2020;14.498;0
60283029-F3AD-47AA-B885-A5C10149B375;2021;15.707500000000001;4
60283029-F3AD-47AA-B885-A5C10149B375;2022;17.01;4
60283029-F3AD-47AA-B885-A5C10149B375;2024;18.663333333333334;3
96301618-409A-426D-A772-A85D00B9E17B;2019;20.863333333333333;1
96301618-409A-426D-A772-A85D00B9E17B;2020;21.664999999999996;1
96301618-409A-426D-A772-A85D00B9E17B;2021;22.064999999999998;1
96301618-409A-426D-A772-A85D00B9E17B;2022;24.400833333333335;1
5C39C40A-440B-4693-9C16-45CE195E2BAC;2024;17.166666666666668;4
7910A508-3A83-43D9-9FD3-A6F50161CC28;2019;8.58111111111111;2
7910A508-3A83-43D9-9FD3-A6F50161CC28;2020;11.160833333333334;2
7910A508-3A83-43D9-9FD3-A6F50161CC28;2021;9.991666666666667;2
7910A508-3A83-43D9-9FD3-A6F50161CC28;2022;8.917500000000002;2
7910A508-3A83-43D9-9FD3-A6F50161CC28;2024;12.87;0
C9F4CE8E-D56D-4D54-9F6F-A27E00BFCCB4;2019;13.824444444444444;0
C9F4CE8E-D56D-4D54-9F6F-A27E00BFCCB4;2020;13.17416666666667;0
C9F4CE8E-D56D-4D54-9F6F-A27E00BFCCB4;2021;12.593333333333334;0
C9F4CE8E-D56D-4D54-9F6F-A27E00BFCCB4;2022;12.591666666666663;0
C9F4CE8E-D56D-4D54-9F6F-A27E00BFCCB4;2024;13.463333333333333;0
21781616-38FD-4C1E-8C3B-A97A00FAFBB0;2019;14.607777777777777;0
21781616-38FD-4C1E-8C3B-A97A00FAFBB0;2020;13.117500000000001;0
21781616-38FD-4C1E-8C3B-A97A00FAFBB0;2021;15.755833333333335;4
21781616-38FD-4C1E-8C3B-A97A00FAFBB0;2022;19.517500000000002;3
21781616-38FD-4C1E-8C3B-A97A00FAFBB0;2024;16.606666666666666;4
5673142C-AD8B-40C0-8E73-B9BB10558406;2024;15.786666666666667;4
79CE4DCE-1F0B-4168-9133-A807009FDE00;2019;16.75111111111111;4
79CE4DCE-1F0B-4168-9133-A807009FDE00;2020;15.3075;4
79CE4DCE-1F0B-4168-9133-A807009FDE00;2021;13.476666666666667;0
79CE4DCE-1F0B-4168-9133-A807009FDE00;2022;13.514166666666668;0
79CE4DCE-1F0B-4168-9133-A807009FDE00;2024;10.383333333333333;2
B4BEBD1D-73B7-49A6-9EA9-AA1B007EA210;2019;19.266666666666666;3
B4BEBD1D-73B7-49A6-9EA9-AA1B007EA210;2020;20.483333333333334;3
B4BEBD1D-73B7-49A6-9EA9-AA1B007EA210;2021;18.886666666666667;3
B4BEBD1D-73B7-49A6-9EA9-AA1B007EA210;2022;17.175833333333333;4
B4BEBD1D-73B7-49A6-9EA9-AA1B007EA210;2024;19.563333333333333;3
98585DEF-630F-4CA1-AD87-A38500CBB09B;2019;12.391111111111112;0
98585DEF-630F-4CA1-AD87-A38500CBB09B;2020;12.735;0
98585DEF-630F-4CA1-AD87-A38500CBB09B;2024;10.319999999999999;2
C4628DEE-F85E-4E5C-915A-A4BC0017000D;2019;14.753333333333334;0
C4628DEE-F85E-4E5C-915A-A4BC0017000D;2020;16.581666666666667;4
C4628DEE-F85E-4E5C-915A-A4BC0017000D;2021;16.320833333333336;4
C4628DEE-F85E-4E5C-915A-A4BC0017000D;2022;16.445833333333333;4
C4628DEE-F85E-4E5C-915A-A4BC0017000D;2024;15.99;4
8A4E6419-30C1-42B1-8FAF-A27E00C24316;2024;10.17;2
5D2E9FE4-FD24-47EF-ABF5-4423CE049E25;2020;10.07875;2
5D2E9FE4-FD24-47EF-ABF5-4423CE049E25;2021;9.7675;2
5D2E9FE4-FD24-47EF-ABF5-4423CE049E25;2022;11.450833333333334;2
AFE41177-F717-45F4-A843-A6910113E389;2019;8.280000000000001;2
AFE41177-F717-45F4-A843-A6910113E389;2020;7.840000000000001;2
AFE41177-F717-45F4-A843-A6910113E389;2021;9.064166666666667;2
AFE41177-F717-45F4-A843-A6910113E389;2022;8.995;2
AFE41177-F717-45F4-A843-A6910113E389;2024;8.943333333333333;2
C02DB9B1-5C11-4599-82DC-A25500B23643;2019;11.263333333333332;2
C02DB9B1-5C11-4599-82DC-A25500B23643;2020;9.751666666666667;2
C02DB9B1-5C11-4599-82DC-A25500B23643;2021;11.421666666666667;2
C02DB9B1-5C11-4599-82DC-A25500B23643;2022;8.7275;2
C02DB9B1-5C11-4599-82DC-A25500B23643;2024;13.476666666666667;0
D4151628-4EC2-4DCB-A843-A79701342665;2021;6.216999999999999;2
D4151628-4EC2-4DCB-A843-A79701342665;2022;7.718333333333333;2
D4151628-4EC2-4DCB-A843-A79701342665;2024;5.413333333333333;2
1936CD9E-3867-4D83-AE61-925228B47787;2022;8.036666666666667;2
1936CD9E-3867-4D83-AE61-925228B47787;2024;13.396666666666667;0
D4CEE478-7CEF-4BC8-988A-A4FA00114DB9;2019;15.946666666666665;4
D4CEE478-7CEF-4BC8-988A-A4FA00114DB9;2020;17.3175;4
D4CEE478-7CEF-4BC8-988A-A4FA00114DB9;2021;17.929999999999996;3
D4CEE478-7CEF-4BC8-988A-A4FA00114DB9;2022;15.363333333333332;4
D4CEE478-7CEF-4BC8-988A-A4FA00114DB9;2024;18.94;3
52867DBD-0375-42DF-97EF-A2D600F55B5E;2019;10.60888888888889;2
52867DBD-0375-42DF-97EF-A2D600F55B5E;2020;9.093333333333334;2
52867DBD-0375-42DF-97EF-A2D600F55B5E;2021;11.115000000000002;2
52867DBD-0375-42DF-97EF-A2D600F55B5E;2022;11.123333333333333;2
E3206BDF-1F69-4F3F-86E0-A6090176B9C0;2019;14.70111111111111;0
E3206BDF-1F69-4F3F-86E0-A6090176B9C0;2020;14.200833333333334;0
E3206BDF-1F69-4F3F-86E0-A6090176B9C0;2021;15.067499999999997;4
E3206BDF-1F69-4F3F-86E0-A6090176B9C0;2022;15.519166666666669;4
E3206BDF-1F69-4F3F-86E0-A6090176B9C0;2024;12.536666666666667;0
96D7732A-C615-4B1D-98BB-AA7E010FF813;2019;15.188749999999999;4
96D7732A-C615-4B1D-98BB-AA7E010FF813;2020;13.825000000000001;0
96D7732A-C615-4B1D-98BB-AA7E010FF813;2021;13.674166666666665;0
96D7732A-C615-4B1D-98BB-AA7E010FF813;2022;13.900833333333333;0
90852414-E9C2-43F4-AB17-CC1D78E6458B;2022;19.69;3
90852414-E9C2-43F4-AB17-CC1D78E6458B;2024;22.736666666666665;1
1EB9DBCD-D412-40FC-BA8C-DF36828BD870;2022;13.1425;0
1EB9DBCD-D412-40FC-BA8C-DF36828BD870;2024;15.206666666666665;4
F7D84B6D-1738-4D75-A2FA-9348CAF48D76;2021;14.77;0
F7D84B6D-1738-4D75-A2FA-9348CAF48D76;2022;17.063333333333333;4
F7D84B6D-1738-4D75-A2FA-9348CAF48D76;2024;16.07;4
6DD9BF04-0F54-41C8-8704-AA6801222848;2019;14.378571428571428;0
6DD9BF04-0F54-41C8-8704-AA6801222848;2020;18.546666666666667;3
6DD9BF04-0F54-41C8-8704-AA6801222848;2022;25.184;1
6DD9BF04-0F54-41C8-8704-AA6801222848;2024;15.975000000000001;4
7BB4A3BA-94FB-4AFF-87CA-A61000224999;2019;13.937777777777777;0
7BB4A3BA-94FB-4AFF-87CA-A61000224999;2020;14.5475;0
7BB4A3BA-94FB-4AFF-87CA-A61000224999;2021;13.346666666666666;0
7BB4A3BA-94FB-4AFF-87CA-A61000224999;2022;13.010833333333332;0
7BB4A3BA-94FB-4AFF-87CA-A61000224999;2024;15.719999999999999;4
C413A25C-924F-4E13-A37F-A7580117490D;2019;14.136666666666665;0
C413A25C-924F-4E13-A37F-A7580117490D;2020;14.167499999999997;0
C413A25C-924F-4E13-A37F-A7580117490D;2021;14.832500000000001;4
C413A25C-924F-4E13-A37F-A7580117490D;2022;15.910833333333334;4
C413A25C-924F-4E13-A37F-A7580117490D;2024;16.58;4
D5E90C98-41FE-400A-A21C-AA46009ECEA5;2019;17.43125;4
D5E90C98-41FE-400A-A21C-AA46009ECEA5;2020;16.351666666666667;4
D5E90C98-41FE-400A-A21C-AA46009ECEA5;2021;16.07833333333333;4
D5E90C98-41FE-400A-A21C-AA46009ECEA5;2022;15.229166666666663;4
D01A7045-6524-4135-86AE-A78A011B4569;2019;20.874444444444446;1
D01A7045-6524-4135-86AE-A78A011B4569;2020;18.830909090909092;3
D01A7045-6524-4135-86AE-A78A011B4569;2022;18.165833333333335;3
D01A7045-6524-4135-86AE-A78A011B4569;2024;16.34;4
AF7ABC48-560F-47E7-946D-A0CBA6A08129;2022;20.49;3
AF7ABC48-560F-47E7-946D-A0CBA6A08129;2024;17.796666666666663;3
8C058AC2-033D-41AF-A53A-952411BEBA5F;2022;21.075;1
8C058AC2-033D-41AF-A53A-952411BEBA5F;2024;14.866666666666667;4
F8021C16-588E-41A6-AF0C-4411289172F6;2021;12.495000000000001;0
F8021C16-588E-41A6-AF0C-4411289172F6;2022;16.214166666666667;4
F8021C16-588E-41A6-AF0C-4411289172F6;2024;17.066666666666666;4
C9BE8745-4926-4C6C-91FF-A95101103BA5;2019;12.051111111111112;0
C9BE8745-4926-4C6C-91FF-A95101103BA5;2020;10.699166666666668;2
C9BE8745-4926-4C6C-91FF-A95101103BA5;2021;11.087499999999999;2
C9BE8745-4926-4C6C-91FF-A95101103BA5;2022;12.514166666666666;0
4A45FBA7-213C-4C66-9BE4-A25500B220F1;2019;17.133333333333336;4
4A45FBA7-213C-4C66-9BE4-A25500B220F1;2020;16.202222222222222;4
4A45FBA7-213C-4C66-9BE4-A25500B220F1;2021;16.3025;4
4A45FBA7-213C-4C66-9BE4-A25500B220F1;2022;10.669166666666664;2
1E4B21B9-A481-4CF3-941E-85836D53054F;2022;21.275000000000002;1
1E4B21B9-A481-4CF3-941E-85836D53054F;2024;19.956666666666667;3
046083CF-68C2-4B00-8082-A25500B265E4;2019;10.023333333333333;2
046083CF-68C2-4B00-8082-A25500B265E4;2020;8.979166666666666;2
046083CF-68C2-4B00-8082-A25500B265E4;2021;11.115833333333335;2
046083CF-68C2-4B00-8082-A25500B265E4;2022;9.74;2
046083CF-68C2-4B00-8082-A25500B265E4;2024;11.030000000000001;2
75DE1868-DFD6-4981-A693-5B1985276E3D;2020;11.790000000000001;0
75DE1868-DFD6-4981-A693-5B1985276E3D;2021;10.765833333333333;2
75DE1868-DFD6-4981-A693-5B1985276E3D;2022;12.548333333333334;0
75DE1868-DFD6-4981-A693-5B1985276E3D;2024;13.386666666666668;0
0F28F8AE-E8C2-4281-B117-A25500B1F8F5;2019;21.73111111111111;1
0F28F8AE-E8C2-4281-B117-A25500B1F8F5;2020;22.3925;1
0F28F8AE-E8C2-4281-B117-A25500B1F8F5;2021;19.43583333333333;3
0F28F8AE-E8C2-4281-B117-A25500B1F8F5;2022;22.769166666666667;1
0F28F8AE-E8C2-4281-B117-A25500B1F8F5;2024;23.033333333333335;1
6688371C-4A8A-428C-87BA-A37E012DFBC3;2019;16.155555555555555;4
6688371C-4A8A-428C-87BA-A37E012DFBC3;2020;13.164166666666667;0
6688371C-4A8A-428C-87BA-A37E012DFBC3;2021;12.88;0
6688371C-4A8A-428C-87BA-A37E012DFBC3;2022;12.697499999999998;0
6688371C-4A8A-428C-87BA-A37E012DFBC3;2024;12.853333333333333;0
D58C103B-51BC-4EF8-AF5F-A7AC01393A6F;2019;19.01;3
D58C103B-51BC-4EF8-AF5F-A7AC01393A6F;2020;19.77166666666667;3
D58C103B-51BC-4EF8-AF5F-A7AC01393A6F;2021;22.5925;1
D58C103B-51BC-4EF8-AF5F-A7AC01393A6F;2022;18.577500000000004;3
D58C103B-51BC-4EF8-AF5F-A7AC01393A6F;2024;15.92;4
337C915B-8BA5-401E-AED7-A82701501E08;2020;18.293333333333337;3
337C915B-8BA5-401E-AED7-A82701501E08;2021;17.500833333333336;3
337C915B-8BA5-401E-AED7-A82701501E08;2022;19.49833333333333;3
337C915B-8BA5-401E-AED7-A82701501E08;2024;16.30333333333333;4
A2E4D2CB-3486-416E-B853-A522001443CF;2019;18.287777777777777;3
A2E4D2CB-3486-416E-B853-A522001443CF;2020;15.33083333333333;4
A2E4D2CB-3486-416E-B853-A522001443CF;2021;15.886666666666668;4
A2E4D2CB-3486-416E-B853-A522001443CF;2022;14.917499999999999;4
A2E4D2CB-3486-416E-B853-A522001443CF;2024;17.306666666666665;4
FDFE1BA5-A162-4A54-85D3-A6C600B66462;2020;11.511111111111113;2
FDFE1BA5-A162-4A54-85D3-A6C600B66462;2021;12.642499999999998;0
FDFE1BA5-A162-4A54-85D3-A6C600B66462;2022;17.357499999999998;4
FDFE1BA5-A162-4A54-85D3-A6C600B66462;2024;15.783333333333331;4
970294E7-455F-45F8-AE9D-A25500B22E2F;2019;16.67111111111111;4
970294E7-455F-45F8-AE9D-A25500B22E2F;2020;15.365833333333333;4
970294E7-455F-45F8-AE9D-A25500B22E2F;2021;17.94333333333333;3
970294E7-455F-45F8-AE9D-A25500B22E2F;2022;17.251666666666665;4
970294E7-455F-45F8-AE9D-A25500B22E2F;2024;14.093333333333334;0
2680FFE7-B7C9-45C3-BA8F-DB4A9BEB5A09;2024;12.993333333333334;0
68C5737A-53F8-4CCE-8888-8C6E3CA000B6;2021;14.915714285714285;4
68C5737A-53F8-4CCE-8888-8C6E3CA000B6;2022;13.881666666666668;0
68C5737A-53F8-4CCE-8888-8C6E3CA000B6;2024;14.089999999999998;0
21A43A38-F6A2-4F96-9A31-A25500B1C30C;2019;13.395555555555555;0
21A43A38-F6A2-4F96-9A31-A25500B1C30C;2020;15.54916666666667;4
21A43A38-F6A2-4F96-9A31-A25500B1C30C;2021;15.586666666666668;4
21A43A38-F6A2-4F96-9A31-A25500B1C30C;2022;15.433333333333332;4
21A43A38-F6A2-4F96-9A31-A25500B1C30C;2024;15.276666666666666;4
AE5D30AF-EA5B-40B5-9FF3-A25500B1AF25;2019;21.154444444444447;1
AE5D30AF-EA5B-40B5-9FF3-A25500B1AF25;2020;23.311666666666667;1
AE5D30AF-EA5B-40B5-9FF3-A25500B1AF25;2021;20.25833333333333;3
AE5D30AF-EA5B-40B5-9FF3-A25500B1AF25;2022;18.951666666666668;3
AE5D30AF-EA5B-40B5-9FF3-A25500B1AF25;2024;20.006666666666664;3
9A9AE63C-C593-4C4A-A4CC-D321C211E8C4;2022;20.54375;3
BB1A5610-5F5D-4E5A-81A2-C26C781F588B;2021;18.60666666666667;3
BB1A5610-5F5D-4E5A-81A2-C26C781F588B;2022;15.185833333333335;4
BB1A5610-5F5D-4E5A-81A2-C26C781F588B;2024;15.293333333333335;4
64ED89DC-7CF7-4275-93C7-1F50BF0A7323;2022;15.588750000000001;4
64ED89DC-7CF7-4275-93C7-1F50BF0A7323;2024;9.51;2
B01E1223-C545-4E5B-97A5-AA1B0133DB46;2019;9.362222222222222;2
B01E1223-C545-4E5B-97A5-AA1B0133DB46;2020;9.775;2
B01E1223-C545-4E5B-97A5-AA1B0133DB46;2021;12.889;0
B01E1223-C545-4E5B-97A5-AA1B0133DB46;2022;11.214999999999998;2
B01E1223-C545-4E5B-97A5-AA1B0133DB46;2024;13.133333333333333;0
E52B9EBF-6FFC-4306-819C-A1A7D9213D0A;2020;19.076;3
E52B9EBF-6FFC-4306-819C-A1A7D9213D0A;2021;16.589166666666667;4
E52B9EBF-6FFC-4306-819C-A1A7D9213D0A;2022;15.593333333333332;4
E52B9EBF-6FFC-4306-819C-A1A7D9213D0A;2024;17.616666666666664;3
2A1893E4-F0E9-4E58-BF25-A25500B1BE76;2019;15.09;4
2A1893E4-F0E9-4E58-BF25-A25500B1BE76;2020;14.769166666666669;0
2A1893E4-F0E9-4E58-BF25-A25500B1BE76;2021;16.86583333333333;4
2A1893E4-F0E9-4E58-BF25-A25500B1BE76;2022;16.840000000000003;4
2A1893E4-F0E9-4E58-BF25-A25500B1BE76;2024;16.503333333333334;4
9EA0FEA6-16FB-4CCA-A3AC-AA14015F0ECE;2019;11.884444444444446;0
9EA0FEA6-16FB-4CCA-A3AC-AA14015F0ECE;2020;14.7475;0
9EA0FEA6-16FB-4CCA-A3AC-AA14015F0ECE;2021;14.891666666666666;4
9EA0FEA6-16FB-4CCA-A3AC-AA14015F0ECE;2022;14.665833333333332;0
9EA0FEA6-16FB-4CCA-A3AC-AA14015F0ECE;2024;10.156666666666668;2
186E429A-EDA6-407D-B3CC-ABFD9164ED26;2020;14.936666666666667;4
186E429A-EDA6-407D-B3CC-ABFD9164ED26;2021;13.782499999999999;0
186E429A-EDA6-407D-B3CC-ABFD9164ED26;2022;15.369166666666667;4
186E429A-EDA6-407D-B3CC-ABFD9164ED26;2024;16.323333333333334;4
758CD204-6044-45FB-8320-A25500B1DB6B;2022;14.10666666666667;0
758CD204-6044-45FB-8320-A25500B1DB6B;2024;16.49;4
89BFBE62-4836-4599-AF96-A25500B1D09A;2019;13.865555555555556;0
89BFBE62-4836-4599-AF96-A25500B1D09A;2020;16.4075;4
89BFBE62-4836-4599-AF96-A25500B1D09A;2021;14.420833333333336;0
89BFBE62-4836-4599-AF96-A25500B1D09A;2022;15.908333333333331;4
89BFBE62-4836-4599-AF96-A25500B1D09A;2024;16.703333333333333;4
F1A9FC0E-C028-4966-B90B-A82600FA3D9F;2019;18.070000000000004;3
F1A9FC0E-C028-4966-B90B-A82600FA3D9F;2020;18.467499999999998;3
F1A9FC0E-C028-4966-B90B-A82600FA3D9F;2021;17.275000000000002;4
F1A9FC0E-C028-4966-B90B-A82600FA3D9F;2022;18.26833333333333;3
F1A9FC0E-C028-4966-B90B-A82600FA3D9F;2024;16.299999999999997;4
8782EE14-8F71-41F4-8247-5900E094602E;2022;12.426666666666668;0
8782EE14-8F71-41F4-8247-5900E094602E;2024;13.536666666666667;0
472A7243-D738-41B3-B6C1-A28E01082083;2019;11.904444444444445;0
472A7243-D738-41B3-B6C1-A28E01082083;2020;13.003333333333336;0
472A7243-D738-41B3-B6C1-A28E01082083;2021;16.675;4
472A7243-D738-41B3-B6C1-A28E01082083;2022;13.695;0
472A7243-D738-41B3-B6C1-A28E01082083;2024;18.276666666666667;3
A6945760-E17C-46DA-B733-A9DE0159761B;2019;10.31111111111111;2
A6945760-E17C-46DA-B733-A9DE0159761B;2020;10.578333333333331;2
A6945760-E17C-46DA-B733-A9DE0159761B;2021;9.808333333333332;2
A6945760-E17C-46DA-B733-A9DE0159761B;2022;8.780833333333334;2
A6945760-E17C-46DA-B733-A9DE0159761B;2024;11.763333333333334;0
FB073C1E-68C2-4C38-8304-A28E010BE529;2019;11.257777777777779;2
FB073C1E-68C2-4C38-8304-A28E010BE529;2020;9.930833333333334;2
FB073C1E-68C2-4C38-8304-A28E010BE529;2021;10.158333333333333;2
FB073C1E-68C2-4C38-8304-A28E010BE529;2022;12.375;0
FB073C1E-68C2-4C38-8304-A28E010BE529;2024;12.093333333333334;0
4AD7DB8F-8A64-40BB-9715-5972C8E3EB73;2022;6.5287500000000005;2
4AD7DB8F-8A64-40BB-9715-5972C8E3EB73;2024;13.326666666666666;0
4846DF5A-4704-4492-B0C9-A28E0110B7C4;2019;14.571111111111113;0
4846DF5A-4704-4492-B0C9-A28E0110B7C4;2020;15.2675;4
4846DF5A-4704-4492-B0C9-A28E0110B7C4;2021;13.3175;0
4846DF5A-4704-4492-B0C9-A28E0110B7C4;2022;14.46583333333333;0
4846DF5A-4704-4492-B0C9-A28E0110B7C4;2024;15.273333333333333;4
72FF7987-3E41-4D98-99C8-A25500B24CD7;2019;5.416666666666667;2
72FF7987-3E41-4D98-99C8-A25500B24CD7;2020;19.659166666666668;3
72FF7987-3E41-4D98-99C8-A25500B24CD7;2021;19.684166666666666;3
72FF7987-3E41-4D98-99C8-A25500B24CD7;2022;18.125833333333333;3
72FF7987-3E41-4D98-99C8-A25500B24CD7;2024;18.945;3
F9B0749C-01E8-4FCE-B4DD-A25500B1C695;2024;15.040000000000001;4
26C7C021-2243-4B8C-8851-AC52032E3E7A;2024;17.653333333333332;3
A5020D3F-4EAD-4DC1-865F-DAF973FCBED4;2019;12.7725;0
A5020D3F-4EAD-4DC1-865F-DAF973FCBED4;2020;13.993333333333334;0
A5020D3F-4EAD-4DC1-865F-DAF973FCBED4;2021;10.382500000000002;2
A5020D3F-4EAD-4DC1-865F-DAF973FCBED4;2022;9.3425;2
A5020D3F-4EAD-4DC1-865F-DAF973FCBED4;2024;10.26;2
99E299AB-9ECC-4A16-AE0A-01C151A7D98F;2020;5.7;2
99E299AB-9ECC-4A16-AE0A-01C151A7D98F;2021;5.850833333333333;2
99E299AB-9ECC-4A16-AE0A-01C151A7D98F;2022;7.55;2
99E299AB-9ECC-4A16-AE0A-01C151A7D98F;2024;9.766666666666667;2
A20ED32B-87D7-47F9-9A1D-7157F86BF112;2019;18.615;3
A20ED32B-87D7-47F9-9A1D-7157F86BF112;2020;16.656666666666666;4
A20ED32B-87D7-47F9-9A1D-7157F86BF112;2021;14.200000000000003;0
A20ED32B-87D7-47F9-9A1D-7157F86BF112;2022;17.65;3
A20ED32B-87D7-47F9-9A1D-7157F86BF112;2024;20.10666666666667;3
8814FD67-C531-4C13-8701-9495569EA748;2019;14.71;0
8814FD67-C531-4C13-8701-9495569EA748;2020;11.8725;0
8814FD67-C531-4C13-8701-9495569EA748;2021;12.19;0
8814FD67-C531-4C13-8701-9495569EA748;2022;8.9575;2
8814FD67-C531-4C13-8701-9495569EA748;2024;8.27;2
F606A93C-7F69-4219-8105-F98BCA1AA566;2019;12.33;0
F606A93C-7F69-4219-8105-F98BCA1AA566;2020;11.863999999999999;0
F606A93C-7F69-4219-8105-F98BCA1AA566;2021;11.254545454545456;2
F606A93C-7F69-4219-8105-F98BCA1AA566;2022;12.8875;0
F606A93C-7F69-4219-8105-F98BCA1AA566;2024;16.069999999999997;4
BD2829C9-2529-4EDE-B031-A63D613B5FD1;2024;11.950000000000001;0
9F9E7F7A-79C1-4A32-B021-807FE078B6D0;2019;16.493333333333336;4
9F9E7F7A-79C1-4A32-B021-807FE078B6D0;2020;15.680833333333334;4
9F9E7F7A-79C1-4A32-B021-807FE078B6D0;2021;13.021666666666668;0
9F9E7F7A-79C1-4A32-B021-807FE078B6D0;2022;13.775833333333333;0
9F9E7F7A-79C1-4A32-B021-807FE078B6D0;2024;17.006666666666668;4
305313A7-A048-4EDB-9D65-227EE7C45469;2022;17.36;4
305313A7-A048-4EDB-9D65-227EE7C45469;2024;15.883333333333333;4
CC70523F-8857-4F7E-97F9-BB9C01AB4991;2022;22.5075;1
CC70523F-8857-4F7E-97F9-BB9C01AB4991;2024;20.963333333333335;1
78F07BFB-8265-4D64-80F3-6B65A4E78B6F;2022;17.2325;4
78F07BFB-8265-4D64-80F3-6B65A4E78B6F;2024;19.236666666666668;3
F5DBE583-1B2F-4E86-A5E5-6DA28CB9AC3D;2022;16.94181818181818;4
F5DBE583-1B2F-4E86-A5E5-6DA28CB9AC3D;2024;15.223333333333334;4
DEF8B102-739F-453C-80FC-B6616C369280;2024;21.473333333333333;1
78EA5935-C77E-4417-AA8C-5BD3EF89D2DF;2021;11.39;2
78EA5935-C77E-4417-AA8C-5BD3EF89D2DF;2022;13.582500000000001;0
78EA5935-C77E-4417-AA8C-5BD3EF89D2DF;2024;16.966666666666665;4
F5917B79-7AA3-42AA-96BF-29F94DB9DDA4;2024;8.003333333333332;2
974A35AD-87A3-4AE2-A494-BB74B14CBB79;2024;18.473333333333333;3
33A32494-61EB-4E54-9773-4EC5617BA523;2024;23.45;1
FF572AE4-844C-4529-BDDC-CF99632E7CCE;2022;8.124444444444444;2
FF572AE4-844C-4529-BDDC-CF99632E7CCE;2024;10.270000000000001;2
278B402B-E45D-4329-8CC9-9024737ABE9E;2022;13.956;0
278B402B-E45D-4329-8CC9-9024737ABE9E;2024;14.056666666666667;0
4BCB8FF2-09CB-4AFE-AEB2-BF136BF29031;2020;15.565000000000001;4
4BCB8FF2-09CB-4AFE-AEB2-BF136BF29031;2021;16.0;4
4BCB8FF2-09CB-4AFE-AEB2-BF136BF29031;2022;16.14;4
4BCB8FF2-09CB-4AFE-AEB2-BF136BF29031;2024;12.910000000000002;0
AF7CDB07-545E-48DD-B6EB-A48DE9BBBCD2;2022;15.20111111111111;4
AF7CDB07-545E-48DD-B6EB-A48DE9BBBCD2;2024;17.083333333333332;4
CC2220C6-CDEC-40C9-A0CA-786F8E73AD16;2020;20.514999999999997;3
CC2220C6-CDEC-40C9-A0CA-786F8E73AD16;2021;19.89;3
CC2220C6-CDEC-40C9-A0CA-786F8E73AD16;2022;17.98;3
CC2220C6-CDEC-40C9-A0CA-786F8E73AD16;2024;20.52;3
DD4BEAFD-2C61-424E-851C-A25500B1DE40;2019;15.95111111111111;4
DD4BEAFD-2C61-424E-851C-A25500B1DE40;2020;17.579166666666666;3
DD4BEAFD-2C61-424E-851C-A25500B1DE40;2021;22.456666666666663;1
DD4BEAFD-2C61-424E-851C-A25500B1DE40;2022;24.054166666666664;1
F195D0D6-EDB1-4BBC-B82E-A16693A96876;2022;14.88;4
F195D0D6-EDB1-4BBC-B82E-A16693A96876;2024;24.656666666666666;1
9FF2A0C4-C432-4D8B-A3FA-2E1080501711;2024;14.21;0
348E0FB1-CBC6-4362-A36D-762B018C56AB;2021;11.77222222222222;0
348E0FB1-CBC6-4362-A36D-762B018C56AB;2022;11.864166666666668;0
348E0FB1-CBC6-4362-A36D-762B018C56AB;2024;12.573333333333332;0
E7BEB45E-0DAD-4D7D-AC3D-B130DB553784;2022;16.37625;4
E7BEB45E-0DAD-4D7D-AC3D-B130DB553784;2024;15.593333333333334;4
6D7FC27C-E2EC-42F3-8624-AD123F2A4903;2022;11.299999999999999;2
6D7FC27C-E2EC-42F3-8624-AD123F2A4903;2024;17.169999999999998;4
8F5BAB14-2FA5-43C0-B695-A8C5009FCAC6;2019;15.33;4
8F5BAB14-2FA5-43C0-B695-A8C5009FCAC6;2020;16.694166666666668;4
8F5BAB14-2FA5-43C0-B695-A8C5009FCAC6;2021;16.51666666666667;4
8F5BAB14-2FA5-43C0-B695-A8C5009FCAC6;2022;16.815;4
8F5BAB14-2FA5-43C0-B695-A8C5009FCAC6;2024;17.156666666666666;4
C550FC11-5C1B-4AE1-B2C7-A8C500A36E4C;2019;13.515555555555556;0
C550FC11-5C1B-4AE1-B2C7-A8C500A36E4C;2020;14.023333333333332;0
C550FC11-5C1B-4AE1-B2C7-A8C500A36E4C;2021;14.244166666666665;0
C550FC11-5C1B-4AE1-B2C7-A8C500A36E4C;2022;14.318333333333333;0
C550FC11-5C1B-4AE1-B2C7-A8C500A36E4C;2024;19.826666666666664;3
BE828D25-85AB-4738-BB55-A9290177DE57;2019;12.783333333333335;0
BE828D25-85AB-4738-BB55-A9290177DE57;2020;13.724166666666669;0
BE828D25-85AB-4738-BB55-A9290177DE57;2021;11.974166666666667;0
BE828D25-85AB-4738-BB55-A9290177DE57;2022;10.415;2
BE828D25-85AB-4738-BB55-A9290177DE57;2024;11.963333333333333;0
5E00D3E9-C442-4D07-978E-6DEBDB7DC4F0;2022;11.542727272727271;2
5E00D3E9-C442-4D07-978E-6DEBDB7DC4F0;2024;10.86;2
4F0B1A06-2E3E-43A0-B4FA-8BA4353E25F1;2024;9.353333333333333;2
99ECBB73-969E-426A-B758-58BD0752B99C;2024;14.296666666666667;0
BA2D3E3A-9F35-4D77-A5CF-E105C68AB010;2024;20.71333333333333;1
0BE4D681-568F-43EA-A8B2-A51501744D98;2019;16.295555555555556;4
0BE4D681-568F-43EA-A8B2-A51501744D98;2020;15.530833333333335;4
0BE4D681-568F-43EA-A8B2-A51501744D98;2021;14.082499999999998;0
0BE4D681-568F-43EA-A8B2-A51501744D98;2022;13.756666666666666;0
0BE4D681-568F-43EA-A8B2-A51501744D98;2024;17.05;4
21AB9201-78EC-4D3C-B58D-A437016ECA19;2019;16.356666666666666;4
21AB9201-78EC-4D3C-B58D-A437016ECA19;2020;17.66166666666667;3
21AB9201-78EC-4D3C-B58D-A437016ECA19;2021;17.49833333333333;3
21AB9201-78EC-4D3C-B58D-A437016ECA19;2022;18.479166666666668;3
21AB9201-78EC-4D3C-B58D-A437016ECA19;2024;16.286666666666665;4
B28F4AF7-9279-4A31-847F-A437017869BB;2019;18.594444444444445;3
B28F4AF7-9279-4A31-847F-A437017869BB;2020;15.024999999999999;4
B28F4AF7-9279-4A31-847F-A437017869BB;2021;14.106666666666664;0
B28F4AF7-9279-4A31-847F-A437017869BB;2022;13.795833333333334;0
B28F4AF7-9279-4A31-847F-A437017869BB;2024;13.459999999999999;0
A03CBDC5-1506-4EB0-B6F6-A4B80005720D;2019;9.888888888888888;2
A03CBDC5-1506-4EB0-B6F6-A4B80005720D;2020;10.116666666666669;2
A03CBDC5-1506-4EB0-B6F6-A4B80005720D;2021;10.649999999999999;2
A03CBDC5-1506-4EB0-B6F6-A4B80005720D;2022;10.980833333333331;2
A03CBDC5-1506-4EB0-B6F6-A4B80005720D;2024;13.906666666666666;0
8ED75EEF-B821-4DF8-96D9-A387000DF580;2019;14.205555555555556;0
8ED75EEF-B821-4DF8-96D9-A387000DF580;2020;17.24;4
8ED75EEF-B821-4DF8-96D9-A387000DF580;2021;15.316666666666668;4
8ED75EEF-B821-4DF8-96D9-A387000DF580;2022;16.484999999999996;4
8ED75EEF-B821-4DF8-96D9-A387000DF580;2024;18.713333333333335;3
C2DA34A0-E288-41A3-B844-AC83445193DA;2020;14.1575;0
C2DA34A0-E288-41A3-B844-AC83445193DA;2021;14.928333333333335;4
C2DA34A0-E288-41A3-B844-AC83445193DA;2022;14.175833333333335;0
C2DA34A0-E288-41A3-B844-AC83445193DA;2024;16.013333333333335;4
1B43076C-D228-454F-99B0-055530C0CEB1;2021;16.212857142857143;4
1B43076C-D228-454F-99B0-055530C0CEB1;2022;14.048333333333332;0
1B43076C-D228-454F-99B0-055530C0CEB1;2024;20.5;3
274DAB23-58FE-405C-8EC8-1258BBDC8062;2022;11.576;0
274DAB23-58FE-405C-8EC8-1258BBDC8062;2024;12.516666666666666;0
7A6642C1-1594-42A7-BD4C-F76C8AD8D06B;2019;10.724999999999998;2
7A6642C1-1594-42A7-BD4C-F76C8AD8D06B;2020;9.29;2
7A6642C1-1594-42A7-BD4C-F76C8AD8D06B;2021;9.603333333333332;2
7A6642C1-1594-42A7-BD4C-F76C8AD8D06B;2022;8.611666666666666;2
7A6642C1-1594-42A7-BD4C-F76C8AD8D06B;2024;7.05;2
F4E0F7E7-882B-4DD3-BAA7-1E3A68B02411;2024;13.24;0
B6780A47-A1F5-466E-8D3A-DCF9B852A5C4;2020;12.904;0
B6780A47-A1F5-466E-8D3A-DCF9B852A5C4;2021;13.750833333333333;0
B6780A47-A1F5-466E-8D3A-DCF9B852A5C4;2022;14.705833333333333;0
B6780A47-A1F5-466E-8D3A-DCF9B852A5C4;2024;15.296666666666667;4
7D04AA79-0875-4875-8100-858F1E2EAEDE;2024;12.06;0
248BA2E3-269C-4BD5-82AC-78C9886C3A40;2024;9.906666666666666;2
35DFAA52-8C0B-4881-8351-09DE46D64D92;2020;10.71;2
35DFAA52-8C0B-4881-8351-09DE46D64D92;2021;11.585;0
35DFAA52-8C0B-4881-8351-09DE46D64D92;2022;9.016666666666667;2
35DFAA52-8C0B-4881-8351-09DE46D64D92;2024;7.623333333333332;2
2750CC01-D715-4AF5-AAF3-797F6D9A272C;2022;16.573;4
2750CC01-D715-4AF5-AAF3-797F6D9A272C;2024;16.566666666666666;4
8E0ABFBC-EBD9-460D-8DDD-931C2EF02D03;2024;9.413333333333332;2
68148ACA-030C-4F1D-A3C0-DFA44A18CA92;2020;12.7;0
68148ACA-030C-4F1D-A3C0-DFA44A18CA92;2021;13.040833333333333;0
68148ACA-030C-4F1D-A3C0-DFA44A18CA92;2022;12.456666666666669;0
68148ACA-030C-4F1D-A3C0-DFA44A18CA92;2024;11.696666666666667;0
8363562F-7689-4072-A35F-96A2D554C69A;2024;10.64;2
1755E823-5925-47EE-B2D4-AA26009B80B6;2019;18.987777777777776;3
1755E823-5925-47EE-B2D4-AA26009B80B6;2020;16.5;4
1755E823-5925-47EE-B2D4-AA26009B80B6;2021;18.390833333333333;3
1755E823-5925-47EE-B2D4-AA26009B80B6;2022;16.890833333333333;4
1755E823-5925-47EE-B2D4-AA26009B80B6;2024;17.653333333333332;3
9C42C7E3-452C-4332-BA8B-24BA3B0C71D2;2022;11.527777777777779;2
9C42C7E3-452C-4332-BA8B-24BA3B0C71D2;2024;13.299999999999999;0
90830A88-97B2-47B1-9E70-7A3FAC2A6311;2020;12.708333333333334;0
90830A88-97B2-47B1-9E70-7A3FAC2A6311;2021;14.097499999999998;0
90830A88-97B2-47B1-9E70-7A3FAC2A6311;2022;12.79;0
90830A88-97B2-47B1-9E70-7A3FAC2A6311;2024;14.17;0
B66DC857-F48A-47B8-8CF6-E6530CADD469;2022;12.18;0
B66DC857-F48A-47B8-8CF6-E6530CADD469;2024;13.44;0
542C9907-BEBD-4059-AE7D-955FB9B57E9A;2022;19.927500000000002;3
542C9907-BEBD-4059-AE7D-955FB9B57E9A;2024;14.506666666666666;0
A86549CB-9F9A-4043-BD72-EC2DC8C9AA81;2024;13.493333333333334;0
86AEEDE4-762F-4A43-A3A8-A38701874808;2024;15.934999999999999;4
CDDCBF2C-9958-40DB-9AD1-A61A01490700;2021;16.0;4
CDDCBF2C-9958-40DB-9AD1-A61A01490700;2022;16.187499999999996;4
CDDCBF2C-9958-40DB-9AD1-A61A01490700;2024;13.963333333333333;0
D071B1AB-FEDA-4F35-B692-AD5E63572255;2021;14.18;0
D071B1AB-FEDA-4F35-B692-AD5E63572255;2022;13.583333333333334;0
D071B1AB-FEDA-4F35-B692-AD5E63572255;2024;12.33;0
D544D7BF-351B-403C-93D7-A392000CEA40;2021;14.659166666666664;0
D544D7BF-351B-403C-93D7-A392000CEA40;2022;12.389166666666666;0
D544D7BF-351B-403C-93D7-A392000CEA40;2024;11.160000000000002;2
0B552AFF-7662-41B4-A13D-A8C70069E558;2019;19.37;3
0B552AFF-7662-41B4-A13D-A8C70069E558;2020;18.778333333333332;3
0B552AFF-7662-41B4-A13D-A8C70069E558;2021;16.160833333333333;4
0B552AFF-7662-41B4-A13D-A8C70069E558;2022;17.911428571428573;3
0B552AFF-7662-41B4-A13D-A8C70069E558;2024;16.95;4
6616226F-C9C4-4543-981E-AA7700796007;2019;21.0275;1
6616226F-C9C4-4543-981E-AA7700796007;2020;20.91416666666667;1
6616226F-C9C4-4543-981E-AA7700796007;2021;17.1875;4
6616226F-C9C4-4543-981E-AA7700796007;2022;17.239166666666666;4
C34C903D-7DFD-4FFD-9B20-0BDE38DDB3AF;2024;13.926666666666668;0
B15A7E48-98DD-4CAA-9C74-AECB0E5D3D22;2024;5.396666666666666;2
70101C63-8995-4825-A899-87F36CF9EB36;2024;10.17;2
2988E528-D2C1-43FA-A32D-3A03A3482CD0;2024;8.936666666666666;2
58E601D6-C658-4849-BD8F-E832E04994B4;2024;21.9;1
2AC0E528-45EF-4A42-A906-BC168C7E4BF1;2024;12.056666666666667;0
9FEBD530-4019-4190-8121-263818339B3C;2024;12.896666666666667;0
E51F7A50-4FCD-4CB1-A032-9C6B30FE4AAD;2024;17.686666666666667;3
6F6ACAF3-CBFB-40AB-9A12-4AA661CD40D4;2024;19.0;3
7225008B-8F94-470A-B0E0-621B1F3442F6;2022;11.342;2
7225008B-8F94-470A-B0E0-621B1F3442F6;2024;13.286666666666667;0
488C369C-AC72-4C80-895A-C7CFC15F4233;2024;18.59;3
D1D3F953-2DDB-4DA2-AC92-A25500B1D292;2022;12.514285714285716;0
D1D3F953-2DDB-4DA2-AC92-A25500B1D292;2024;13.796666666666667;0
5CA91092-70DA-496B-A842-2DBC8F545B58;2024;19.993333333333332;3
6852A53A-9E97-4922-B42B-34A36ED3CF43;2024;14.516666666666666;0
60213AF7-40E1-4F17-9668-D6DE85EA57D3;2022;11.656666666666666;0
60213AF7-40E1-4F17-9668-D6DE85EA57D3;2024;17.040000000000003;4
47881B8E-88A8-47A8-9FBD-9684398037A5;2022;18.970000000000002;3
47881B8E-88A8-47A8-9FBD-9684398037A5;2024;15.85;4
1D614710-9C83-4122-807E-02078ACCC6E2;2024;16.189999999999998;4
5CB3470D-6CB0-4E52-83A7-C0B2CF1284AB;2022;14.219999999999999;0
5CB3470D-6CB0-4E52-83A7-C0B2CF1284AB;2024;19.95;3
2E1D376A-8AFC-4A26-BB15-A8CC00B962B3;2019;15.58;4
2E1D376A-8AFC-4A26-BB15-A8CC00B962B3;2020;14.555000000000001;0
2E1D376A-8AFC-4A26-BB15-A8CC00B962B3;2021;15.355833333333335;4
2E1D376A-8AFC-4A26-BB15-A8CC00B962B3;2022;16.325833333333335;4
2E1D376A-8AFC-4A26-BB15-A8CC00B962B3;2024;17.970000000000002;3
A0F5039F-F6FB-4891-AA02-A25500B20C41;2019;21.28333333333333;1
A0F5039F-F6FB-4891-AA02-A25500B20C41;2020;21.34166666666667;1
A0F5039F-F6FB-4891-AA02-A25500B20C41;2024;16.273333333333333;4
B875882B-B8CB-470F-9180-A6A900B342CF;2019;13.78111111111111;0
B875882B-B8CB-470F-9180-A6A900B342CF;2020;15.085000000000003;4
B875882B-B8CB-470F-9180-A6A900B342CF;2021;16.255833333333335;4
B875882B-B8CB-470F-9180-A6A900B342CF;2022;18.825;3
216C0759-F05E-4A9F-A016-A97800D055FF;2019;14.876666666666665;4
216C0759-F05E-4A9F-A016-A97800D055FF;2020;13.950833333333334;0
216C0759-F05E-4A9F-A016-A97800D055FF;2021;16.65583333333333;4
216C0759-F05E-4A9F-A016-A97800D055FF;2022;17.700833333333335;3
216C0759-F05E-4A9F-A016-A97800D055FF;2024;19.0;3
C0F8E8E5-CD37-4F86-8992-A25500B21DE7;2019;16.058888888888887;4
C0F8E8E5-CD37-4F86-8992-A25500B21DE7;2020;17.683333333333334;3
C0F8E8E5-CD37-4F86-8992-A25500B21DE7;2021;20.958333333333332;1
C0F8E8E5-CD37-4F86-8992-A25500B21DE7;2022;22.315833333333334;1
C09EC28E-795D-43AA-96BF-A25500B1B255;2024;6.953333333333333;2
A3C950DF-9A70-4F4D-8DD2-A25500B205AF;2024;16.44;4
B212B1C2-A8B4-448B-AE91-A25500B1C240;2020;17.895;3
B212B1C2-A8B4-448B-AE91-A25500B1C240;2021;19.050833333333333;3
B212B1C2-A8B4-448B-AE91-A25500B1C240;2022;20.602499999999996;1
B212B1C2-A8B4-448B-AE91-A25500B1C240;2024;19.413333333333334;3
96276AFE-38D9-4D57-B3C5-A952016C2AE7;2019;14.646666666666667;0
96276AFE-38D9-4D57-B3C5-A952016C2AE7;2020;15.499166666666667;4
96276AFE-38D9-4D57-B3C5-A952016C2AE7;2021;18.543333333333333;3
96276AFE-38D9-4D57-B3C5-A952016C2AE7;2022;21.64;1
96276AFE-38D9-4D57-B3C5-A952016C2AE7;2024;19.790000000000003;3
E8176EDD-181C-4989-B50E-AAAB00AA2854;2019;18.183333333333334;3
E8176EDD-181C-4989-B50E-AAAB00AA2854;2020;19.118333333333336;3
E8176EDD-181C-4989-B50E-AAAB00AA2854;2021;22.1875;1
E8176EDD-181C-4989-B50E-AAAB00AA2854;2022;24.176666666666666;1
E8176EDD-181C-4989-B50E-AAAB00AA2854;2024;24.62;1
A9560420-FAAC-434C-8DC2-87FB05A7A898;2021;13.856666666666667;0
A9560420-FAAC-434C-8DC2-87FB05A7A898;2022;19.5825;3
A9560420-FAAC-434C-8DC2-87FB05A7A898;2024;18.953333333333333;3
E0655F27-E96E-4D07-AAC1-A9D6010C958E;2019;21.119999999999997;1
E0655F27-E96E-4D07-AAC1-A9D6010C958E;2020;17.890833333333333;3
E0655F27-E96E-4D07-AAC1-A9D6010C958E;2021;17.525833333333335;3
E0655F27-E96E-4D07-AAC1-A9D6010C958E;2022;16.751666666666665;4
E0655F27-E96E-4D07-AAC1-A9D6010C958E;2024;21.226666666666663;1
D02C5DB5-688F-42CF-89B6-A25500B22973;2019;13.967777777777776;0
D02C5DB5-688F-42CF-89B6-A25500B22973;2020;16.050833333333333;4
D02C5DB5-688F-42CF-89B6-A25500B22973;2021;16.573333333333334;4
D02C5DB5-688F-42CF-89B6-A25500B22973;2022;16.19333333333333;4
D02C5DB5-688F-42CF-89B6-A25500B22973;2024;12.476666666666667;0
ED1FE678-A7F9-4618-BD97-887ABCD0C8AB;2020;15.840909090909092;4
ED1FE678-A7F9-4618-BD97-887ABCD0C8AB;2021;15.995833333333332;4
ED1FE678-A7F9-4618-BD97-887ABCD0C8AB;2022;16.095000000000002;4
ED1FE678-A7F9-4618-BD97-887ABCD0C8AB;2024;19.603333333333335;3
59E35D08-EACB-4D48-A382-A91300AA423F;2019;15.979999999999999;4
59E35D08-EACB-4D48-A382-A91300AA423F;2020;16.2625;4
59E35D08-EACB-4D48-A382-A91300AA423F;2021;17.019166666666667;4
59E35D08-EACB-4D48-A382-A91300AA423F;2022;16.186666666666667;4
59E35D08-EACB-4D48-A382-A91300AA423F;2024;18.733333333333334;3
F60A39DD-8FEB-4822-B7F7-A5D000C4AFE3;2019;16.046666666666667;4
F60A39DD-8FEB-4822-B7F7-A5D000C4AFE3;2020;14.628333333333332;0
F60A39DD-8FEB-4822-B7F7-A5D000C4AFE3;2021;14.838333333333333;4
F60A39DD-8FEB-4822-B7F7-A5D000C4AFE3;2022;14.717500000000001;0
F60A39DD-8FEB-4822-B7F7-A5D000C4AFE3;2024;13.13;0
4C6D7797-0800-40A8-809D-6B02F83CF74F;2022;16.243333333333332;4
4C6D7797-0800-40A8-809D-6B02F83CF74F;2024;17.363333333333333;4
AD91B062-9446-4202-84AD-AAB901204621;2019;14.692000000000002;0
AD91B062-9446-4202-84AD-AAB901204621;2020;15.408333333333333;4
AD91B062-9446-4202-84AD-AAB901204621;2021;17.010833333333334;4
AD91B062-9446-4202-84AD-AAB901204621;2022;15.783333333333333;4
AD91B062-9446-4202-84AD-AAB901204621;2024;15.713333333333333;4
EABB784A-1AD2-4C1D-AF35-AA300116F33B;2019;11.336666666666666;2
EABB784A-1AD2-4C1D-AF35-AA300116F33B;2020;11.637499999999998;0
EABB784A-1AD2-4C1D-AF35-AA300116F33B;2021;15.3725;4
EABB784A-1AD2-4C1D-AF35-AA300116F33B;2022;15.349166666666667;4
EABB784A-1AD2-4C1D-AF35-AA300116F33B;2024;17.06;4
37838865-DE1D-4ECB-8EC3-A25500B1CD14;2019;17.662222222222223;3
37838865-DE1D-4ECB-8EC3-A25500B1CD14;2020;21.260833333333334;1
37838865-DE1D-4ECB-8EC3-A25500B1CD14;2021;22.09166666666667;1
37838865-DE1D-4ECB-8EC3-A25500B1CD14;2022;21.719166666666666;1
37838865-DE1D-4ECB-8EC3-A25500B1CD14;2024;18.126666666666665;3
287168D3-2534-4EDB-B06D-791AA2E17081;2020;19.615000000000002;3
287168D3-2534-4EDB-B06D-791AA2E17081;2021;24.195833333333336;1
287168D3-2534-4EDB-B06D-791AA2E17081;2022;23.0025;1
287168D3-2534-4EDB-B06D-791AA2E17081;2024;19.303333333333335;3
8DBBEFD2-581F-4677-8312-21003E3D6F90;2020;16.521428571428572;4
8DBBEFD2-581F-4677-8312-21003E3D6F90;2021;19.010833333333334;3
8DBBEFD2-581F-4677-8312-21003E3D6F90;2022;17.354166666666668;4
8DBBEFD2-581F-4677-8312-21003E3D6F90;2024;17.336666666666666;4
ED684E53-DC21-42BB-BE52-2322BC1DF16B;2024;12.9;0
D9FC3C2D-5614-442D-A6EA-A7A900064E05;2019;17.653333333333332;3
D9FC3C2D-5614-442D-A6EA-A7A900064E05;2020;13.51833333333333;0
D9FC3C2D-5614-442D-A6EA-A7A900064E05;2021;13.245;0
D9FC3C2D-5614-442D-A6EA-A7A900064E05;2022;11.81;0
D9FC3C2D-5614-442D-A6EA-A7A900064E05;2024;16.606666666666666;4
FD9CD26E-3DE7-4C5B-AE36-A719016AC773;2019;12.02888888888889;0
FD9CD26E-3DE7-4C5B-AE36-A719016AC773;2020;12.878333333333332;0
FD9CD26E-3DE7-4C5B-AE36-A719016AC773;2021;12.110833333333334;0
FD9CD26E-3DE7-4C5B-AE36-A719016AC773;2022;12.063333333333334;0
FD9CD26E-3DE7-4C5B-AE36-A719016AC773;2024;13.04;0
81CEE49B-113E-4FF1-8270-175682540934;2024;11.280000000000001;2
2AB9594A-A553-4127-AB7E-A25500B22A8D;2019;14.067777777777778;0
2AB9594A-A553-4127-AB7E-A25500B22A8D;2020;14.964166666666666;4
2AB9594A-A553-4127-AB7E-A25500B22A8D;2021;15.315;4
2AB9594A-A553-4127-AB7E-A25500B22A8D;2022;13.777500000000002;0
2AB9594A-A553-4127-AB7E-A25500B22A8D;2024;15.433333333333332;4
56CE4C80-7D44-4957-AD1C-A25500B1DBB7;2019;18.60666666666667;3
56CE4C80-7D44-4957-AD1C-A25500B1DBB7;2020;17.295833333333334;4
56CE4C80-7D44-4957-AD1C-A25500B1DBB7;2021;18.108333333333338;3
56CE4C80-7D44-4957-AD1C-A25500B1DBB7;2022;18.084166666666665;3
56CE4C80-7D44-4957-AD1C-A25500B1DBB7;2024;16.726666666666667;4
70804E5A-9EDA-4205-B62A-5745631E826A;2021;22.730833333333333;1
70804E5A-9EDA-4205-B62A-5745631E826A;2022;25.21166666666667;1
70804E5A-9EDA-4205-B62A-5745631E826A;2024;16.73;4
787CCD73-C8D2-4006-AD0B-7A46C81C255D;2021;12.394;0
787CCD73-C8D2-4006-AD0B-7A46C81C255D;2022;11.956666666666665;0
787CCD73-C8D2-4006-AD0B-7A46C81C255D;2024;13.596666666666666;0
CD0A3AEE-754E-496E-B7B3-A25500B1EA99;2019;14.275555555555558;0
CD0A3AEE-754E-496E-B7B3-A25500B1EA99;2020;14.416666666666666;0
CD0A3AEE-754E-496E-B7B3-A25500B1EA99;2021;13.930833333333332;0
CD0A3AEE-754E-496E-B7B3-A25500B1EA99;2022;12.144166666666665;0
CD0A3AEE-754E-496E-B7B3-A25500B1EA99;2024;12.293333333333331;0
2AE37510-700D-4979-9957-1C2FC44EB19E;2024;11.573333333333332;2
8CA6F01F-87E5-4B88-B62A-527E60B49D08;2024;14.930000000000001;4
B800A142-FEC5-4FAF-9EAB-19588E5CA50A;2022;17.57857142857143;3
B800A142-FEC5-4FAF-9EAB-19588E5CA50A;2024;18.25;3
9C14E639-F701-4616-9A3D-EDC3A044573F;2021;13.826666666666668;0
9C14E639-F701-4616-9A3D-EDC3A044573F;2022;16.785833333333333;4
9C14E639-F701-4616-9A3D-EDC3A044573F;2024;20.423333333333336;3
9CAE5FBB-6237-419E-8190-86B10F31BFDF;2021;19.21375;3
9CAE5FBB-6237-419E-8190-86B10F31BFDF;2022;18.173333333333336;3
9CAE5FBB-6237-419E-8190-86B10F31BFDF;2024;15.92;4
0D46FD27-27A6-4C9D-AFE4-567B34EF8A4F;2021;21.59888888888889;1
0D46FD27-27A6-4C9D-AFE4-567B34EF8A4F;2022;21.368333333333336;1
0D46FD27-27A6-4C9D-AFE4-567B34EF8A4F;2024;18.98333333333333;3
EE9111DB-FB50-4A86-9383-A650A206B998;2022;14.344285714285714;0
EE9111DB-FB50-4A86-9383-A650A206B998;2024;14.013333333333334;0
2D403145-08AB-4157-A563-5BFA0AE2EE7F;2021;13.954285714285714;0
2D403145-08AB-4157-A563-5BFA0AE2EE7F;2022;13.699166666666668;0
2D403145-08AB-4157-A563-5BFA0AE2EE7F;2024;12.31;0
CD035EB4-970B-477D-A9B2-302F06241C53;2022;16.338333333333335;4
CD035EB4-970B-477D-A9B2-302F06241C53;2024;18.226666666666667;3
FD349017-5264-43E4-83A2-AA208E555EFE;2022;11.0175;2
FD349017-5264-43E4-83A2-AA208E555EFE;2024;15.026666666666666;4
C3E6ACF7-B516-4FC8-836F-F3F19F063DBB;2022;17.3275;4
C3E6ACF7-B516-4FC8-836F-F3F19F063DBB;2024;25.560000000000002;1
46F00FA0-16F6-4D79-8442-AA4C00EDF4B9;2019;11.711111111111112;0
46F00FA0-16F6-4D79-8442-AA4C00EDF4B9;2020;8.945;2
46F00FA0-16F6-4D79-8442-AA4C00EDF4B9;2021;10.759166666666665;2
46F00FA0-16F6-4D79-8442-AA4C00EDF4B9;2022;11.637499999999998;0
46F00FA0-16F6-4D79-8442-AA4C00EDF4B9;2024;14.473333333333334;0
EFECF32A-9438-417C-B8D2-F909A3FF76EE;2021;17.8925;3
EFECF32A-9438-417C-B8D2-F909A3FF76EE;2022;16.25166666666667;4
EFECF32A-9438-417C-B8D2-F909A3FF76EE;2024;19.816666666666666;3
F1057107-57C6-42BA-B1EE-6A1E207A99A8;2020;17.798333333333336;3
F1057107-57C6-42BA-B1EE-6A1E207A99A8;2021;18.83833333333333;3
F1057107-57C6-42BA-B1EE-6A1E207A99A8;2022;17.264166666666668;4
F1057107-57C6-42BA-B1EE-6A1E207A99A8;2024;20.14;3
F049A929-2DAC-467E-856F-E2742434D892;2020;16.745;4
F049A929-2DAC-467E-856F-E2742434D892;2021;17.640833333333337;3
F049A929-2DAC-467E-856F-E2742434D892;2022;18.898333333333333;3
F049A929-2DAC-467E-856F-E2742434D892;2024;18.526666666666667;3
5D5133B9-DC81-4358-BE45-AA4C010E9150;2019;16.185555555555553;4
5D5133B9-DC81-4358-BE45-AA4C010E9150;2020;20.930000000000003;1
5D5133B9-DC81-4358-BE45-AA4C010E9150;2021;24.176666666666666;1
5D5133B9-DC81-4358-BE45-AA4C010E9150;2022;21.468333333333334;1
5D5133B9-DC81-4358-BE45-AA4C010E9150;2024;18.64333333333333;3
75596788-FB88-408E-B6E1-FF24728A304F;2021;13.985555555555555;0
75596788-FB88-408E-B6E1-FF24728A304F;2022;13.755833333333333;0
75596788-FB88-408E-B6E1-FF24728A304F;2024;12.76;0
EC39B5ED-29B7-4266-9956-45B41317AE27;2022;16.505;4
EC39B5ED-29B7-4266-9956-45B41317AE27;2024;14.553333333333333;0
C8D17C5C-43BD-4FDF-BA4B-A25500B1FC07;2020;17.948;3
C8D17C5C-43BD-4FDF-BA4B-A25500B1FC07;2021;16.19;4
C8D17C5C-43BD-4FDF-BA4B-A25500B1FC07;2024;19.0;3
AE188455-B326-4996-B5EC-2E4616460B42;2021;20.237499999999997;3
AE188455-B326-4996-B5EC-2E4616460B42;2022;14.625833333333333;0
AE188455-B326-4996-B5EC-2E4616460B42;2024;16.793333333333333;4
A5C3B546-99E5-4EED-B456-57CE974C1DD7;2020;16.259999999999998;4
A5C3B546-99E5-4EED-B456-57CE974C1DD7;2021;16.404166666666665;4
A5C3B546-99E5-4EED-B456-57CE974C1DD7;2022;12.625833333333334;0
A5C3B546-99E5-4EED-B456-57CE974C1DD7;2024;19.096666666666668;3
C645F8AA-F541-4021-BC76-B6EE4BDA97E4;2020;14.26;0
C645F8AA-F541-4021-BC76-B6EE4BDA97E4;2021;18.55333333333333;3
C645F8AA-F541-4021-BC76-B6EE4BDA97E4;2022;14.583333333333336;0
C645F8AA-F541-4021-BC76-B6EE4BDA97E4;2024;15.74;4
13789744-4DF2-4831-80A7-DF07B9464F25;2021;16.93;4
13789744-4DF2-4831-80A7-DF07B9464F25;2022;18.440833333333334;3
13789744-4DF2-4831-80A7-DF07B9464F25;2024;16.273333333333333;4
7A27AACC-92B1-4024-8957-A9A400A6EE08;2019;10.428888888888887;2
7A27AACC-92B1-4024-8957-A9A400A6EE08;2020;12.773333333333333;0
7A27AACC-92B1-4024-8957-A9A400A6EE08;2021;16.410833333333333;4
7A27AACC-92B1-4024-8957-A9A400A6EE08;2022;13.210833333333333;0
7A27AACC-92B1-4024-8957-A9A400A6EE08;2024;18.603333333333335;3
